114.239.149.35|9999|高匿名|HTTP|江苏省宿迁市  电信|6秒|2021-03-06 21:31:01
36.248.132.214|9999|高匿名|HTTP|福建省宁德市  联通|1秒|2021-03-06 20:31:01
117.69.130.94|9999|高匿名|HTTP|安徽省黄山市  电信|1秒|2021-03-06 19:31:01
175.42.128.215|9999|高匿名|HTTP|福建省南平市  联通|0.6秒|2021-03-06 18:31:02
106.110.195.22|9999|高匿名|HTTP|江苏省宿迁市  电信|0.5秒|2021-03-06 17:31:01
175.42.68.214|9999|高匿名|HTTP|福建省宁德市  联通|1秒|2021-03-06 16:31:01
115.221.241.252|9999|高匿名|HTTP|浙江省温州市  电信|4秒|2021-03-06 15:31:01
27.43.185.8|9999|高匿名|HTTP|广东省揭阳市  联通|0.7秒|2021-03-06 14:31:02
175.42.123.93|9999|高匿名|HTTP|福建省宁德市  联通|1秒|2021-03-06 13:31:01
175.42.68.14|9999|高匿名|HTTP|福建省宁德市  联通|0.6秒|2021-03-06 12:31:01
117.95.195.190|9999|高匿名|HTTP|江苏省宿迁市  电信|1秒|2021-03-06 11:31:01
49.70.99.69|9999|高匿名|HTTP|江苏省宿迁市  电信|0.5秒|2021-03-06 10:31:01
175.43.33.37|9999|高匿名|HTTP|福建省泉州市  联通|1秒|2021-03-06 09:31:01
175.43.59.41|9999|高匿名|HTTP|福建省泉州市  联通|3秒|2021-03-06 08:31:01
114.239.198.19|9999|高匿名|HTTP|江苏省宿迁市  电信|0.4秒|2021-03-06 07:31:01
182.46.100.215|9999|高匿名|HTTP|山东省济南市  电信|0.4秒|2021-03-06 06:31:01
183.166.111.57|9999|高匿名|HTTP|安徽省淮南市  电信|0.4秒|2021-03-06 05:31:01
36.250.156.183|9999|高匿名|HTTP|福建省宁德市  联通|2秒|2021-03-06 04:31:01
175.42.122.111|9999|高匿名|HTTP|福建省宁德市  联通|5秒|2021-03-06 03:31:01
110.243.24.231|9999|高匿名|HTTP|河北省唐山市  联通|5秒|2021-03-06 02:31:01
36.249.118.16|9999|高匿名|HTTP|福建省泉州市  联通|2秒|2021-03-06 01:31:02
115.221.240.68|9999|高匿名|HTTP|浙江省温州市  电信|0.5秒|2021-03-06 00:31:01
175.43.34.7|9999|高匿名|HTTP|福建省泉州市  联通|3秒|2021-03-05 23:31:01
175.44.109.26|9999|高匿名|HTTP|福建省南平市  联通|1秒|2021-03-05 22:31:01
36.56.103.41|9999|高匿名|HTTP|中国 安徽省 宣城市 电信|4秒|2021-03-05 21:31:01
175.42.68.130|9999|高匿名|HTTP|福建省宁德市  联通|1秒|2021-03-05 20:31:01
175.42.123.213|9999|高匿名|HTTP|福建省宁德市  联通|1秒|2021-03-05 19:31:02
123.52.96.197|9999|高匿名|HTTP|河南省商丘市  电信|0.4秒|2021-03-05 18:31:01
117.69.153.170|9999|高匿名|HTTP|安徽省黄山市  电信|0.4秒|2021-03-05 17:31:01
36.249.48.48|9999|高匿名|HTTP|福建省泉州市  联通|0.7秒|2021-03-05 16:31:01
123.101.237.10|9999|高匿名|HTTP|河南省商丘市  电信|0.4秒|2021-03-05 15:31:01
175.44.109.83|9999|高匿名|HTTP|福建省南平市  联通|3秒|2021-03-05 14:31:01
115.221.240.214|9999|高匿名|HTTP|浙江省温州市  电信|0.6秒|2021-03-05 13:31:01
175.44.108.233|9999|高匿名|HTTP|福建省南平市  联通|1秒|2021-03-05 12:31:01
115.210.35.67|9999|高匿名|HTTP|浙江省金华市  电信|1秒|2021-03-05 11:31:01
175.43.57.61|9999|高匿名|HTTP|福建省泉州市  联通|5秒|2021-03-05 10:31:01
36.250.156.210|9999|高匿名|HTTP|福建省宁德市  联通|1秒|2021-03-05 09:31:01
114.239.145.237|9999|高匿名|HTTP|江苏省宿迁市  电信|0.4秒|2021-03-05 08:31:01
36.249.109.7|9999|高匿名|HTTP|福建省泉州市  联通|5秒|2021-03-05 07:31:02
223.242.224.16|9999|高匿名|HTTP|安徽省淮南市  电信|3秒|2021-03-05 06:31:01
175.42.68.81|9999|高匿名|HTTP|福建省宁德市  联通|3秒|2021-03-05 05:31:01
183.166.71.99|9999|高匿名|HTTP|安徽省淮南市  电信|2秒|2021-03-05 04:31:01
101.26.50.88|9999|高匿名|HTTP|中国 河北省 邯郸市 联通|2秒|2021-03-05 03:31:01
106.110.200.125|9999|高匿名|HTTP|江苏省宿迁市  电信|0.5秒|2021-03-05 02:31:01
117.95.199.241|9999|高匿名|HTTP|江苏省宿迁市  电信|0.4秒|2021-03-05 01:31:01
36.250.156.100|9999|高匿名|HTTP|福建省宁德市  联通|6秒|2021-03-05 00:31:01
175.42.129.107|9999|高匿名|HTTP|福建省南平市  联通|3秒|2021-03-04 23:31:02
49.86.58.24|9999|高匿名|HTTP|江苏省扬州市  电信|1秒|2021-03-04 22:31:01
175.42.123.78|9999|高匿名|HTTP|福建省宁德市  联通|0.6秒|2021-03-04 21:31:01
115.218.7.131|9000|高匿名|HTTP|浙江省温州市  电信|1秒|2021-03-04 20:31:01
112.111.217.71|9999|高匿名|HTTP|福建省宁德市  联通|0.6秒|2021-03-04 19:31:01
115.221.243.5|9999|高匿名|HTTP|浙江省温州市  电信|0.5秒|2021-03-04 18:31:01
175.42.68.136|9999|高匿名|HTTP|福建省宁德市  联通|3秒|2021-03-04 17:31:01
175.42.123.11|9999|高匿名|HTTP|福建省宁德市  联通|1秒|2021-03-04 16:31:02
113.194.136.2|9999|高匿名|HTTP|江西省宜春市  联通|3秒|2021-03-04 15:31:01
113.121.21.19|9999|高匿名|HTTP|山东省烟台市  电信|0.5秒|2021-03-04 14:31:01
36.249.118.52|9999|高匿名|HTTP|福建省泉州市  联通|1秒|2021-03-04 13:31:01
222.189.191.153|9999|高匿名|HTTP|江苏省扬州市  电信|0.4秒|2021-03-04 12:31:01
120.83.107.98|9999|高匿名|HTTP|广东省揭阳市  联通|0.7秒|2021-03-04 11:31:02
115.221.246.51|9999|高匿名|HTTP|浙江省温州市  电信|0.6秒|2021-03-04 10:31:02
175.42.122.156|9999|高匿名|HTTP|福建省宁德市  联通|5秒|2021-03-04 09:31:01
115.221.241.68|9999|高匿名|HTTP|浙江省温州市  电信|0.4秒|2021-03-04 08:31:01
121.232.199.123|9000|高匿名|HTTP|江苏省镇江市  电信|2秒|2021-03-04 07:31:01
115.221.243.41|9999|高匿名|HTTP|浙江省温州市  电信|4秒|2021-03-04 06:31:01
49.70.17.158|9999|高匿名|HTTP|江苏省宿迁市  电信|0.4秒|2021-03-04 05:31:01
120.83.122.225|9999|高匿名|HTTP|广东省揭阳市  联通|0.7秒|2021-03-04 04:31:02
115.211.189.182|9999|高匿名|HTTP|浙江省金华市  电信|1秒|2021-03-04 03:31:02
115.221.243.242|9999|高匿名|HTTP|浙江省温州市  电信|0.8秒|2021-03-04 02:31:01
115.221.242.162|9999|高匿名|HTTP|浙江省温州市  电信|4秒|2021-03-04 01:31:01
114.239.146.231|9999|高匿名|HTTP|江苏省宿迁市  电信|0.4秒|2021-03-04 00:31:01
182.34.20.252|9999|高匿名|HTTP|山东省烟台市  电信|2秒|2021-03-03 23:31:01
175.42.129.67|9999|高匿名|HTTP|福建省南平市  联通|1秒|2021-03-03 22:31:01
117.69.153.181|9999|高匿名|HTTP|安徽省黄山市  电信|3秒|2021-03-03 21:31:01
120.83.97.72|9999|高匿名|HTTP|广东省揭阳市  联通|0.6秒|2021-03-03 20:31:01
113.121.74.243|9999|高匿名|HTTP|山东省淄博市  电信|0.6秒|2021-03-03 19:31:02
120.83.104.25|9999|高匿名|HTTP|广东省揭阳市  联通|6秒|2021-03-03 18:31:02
175.42.122.202|9999|高匿名|HTTP|福建省宁德市  联通|0.9秒|2021-03-03 17:31:01
183.166.70.251|9999|高匿名|HTTP|安徽省淮南市  电信|0.5秒|2021-03-03 16:31:01
121.233.207.18|9999|高匿名|HTTP|江苏省扬州市  电信|0.4秒|2021-03-03 15:31:01
117.95.192.77|9999|高匿名|HTTP|江苏省宿迁市  电信|0.5秒|2021-03-03 14:31:01
113.124.219.79|9999|高匿名|HTTP|中国 山东省 烟台市 电信|1秒|2021-03-03 13:31:01
112.111.217.37|9999|高匿名|HTTP|福建省宁德市  联通|0.7秒|2021-03-03 12:31:02
123.54.45.16|9999|高匿名|HTTP|河南省商丘市  电信|0.5秒|2021-03-03 11:31:02
114.234.139.168|9000|高匿名|HTTP|江苏省徐州市  电信|3秒|2021-03-03 10:31:01
36.248.129.40|9999|高匿名|HTTP|福建省宁德市  联通|6秒|2021-03-03 09:31:01
36.249.53.9|9999|高匿名|HTTP|福建省泉州市  联通|2秒|2021-03-03 08:31:02
117.91.254.84|9999|高匿名|HTTP|江苏省扬州市  电信|1秒|2021-03-03 07:31:01
49.70.99.70|9999|高匿名|HTTP|江苏省宿迁市  电信|2秒|2021-03-03 06:31:01
114.239.210.148|9999|高匿名|HTTP|江苏省宿迁市  电信|0.6秒|2021-03-03 05:31:01
121.232.199.64|9000|高匿名|HTTP|江苏省镇江市  电信|3秒|2021-03-03 04:31:01
175.42.128.51|9999|高匿名|HTTP|福建省南平市  联通|1秒|2021-03-03 03:31:01
110.243.28.135|9999|高匿名|HTTP|河北省唐山市  联通|0.4秒|2021-03-03 02:31:01
36.248.133.171|9999|高匿名|HTTP|福建省宁德市  联通|0.6秒|2021-03-03 01:31:01
36.249.49.57|9999|高匿名|HTTP|福建省泉州市  联通|0.7秒|2021-03-03 00:31:01
115.221.242.128|9999|高匿名|HTTP|浙江省温州市  电信|0.4秒|2021-03-02 23:31:01
49.70.64.84|9999|高匿名|HTTP|江苏省宿迁市  电信|0.4秒|2021-03-02 22:31:01
122.138.142.0|9999|高匿名|HTTP|吉林省白山市  联通|0.6秒|2021-03-02 21:31:02
49.86.178.113|9999|高匿名|HTTP|江苏省扬州市  电信|0.6秒|2021-03-02 20:31:01
121.233.226.229|9999|高匿名|HTTP|江苏省扬州市  电信|0.6秒|2021-03-02 19:31:01
121.233.227.48|9999|高匿名|HTTP|江苏省扬州市  电信|0.8秒|2021-03-02 18:31:01
175.43.85.7|9999|高匿名|HTTP|福建省泉州市  联通|1秒|2021-03-02 17:31:01
175.42.158.47|9999|高匿名|HTTP|福建省南平市  联通|2秒|2021-03-02 16:31:01
175.42.68.211|9999|高匿名|HTTP|福建省宁德市  联通|1秒|2021-03-02 15:31:01
115.221.242.225|9999|高匿名|HTTP|浙江省温州市  电信|0.6秒|2021-03-02 14:31:01
175.43.151.232|9999|高匿名|HTTP|福建省泉州市  联通|1秒|2021-03-02 13:31:01
115.221.244.10|9999|高匿名|HTTP|浙江省温州市  电信|4秒|2021-03-02 12:31:01
175.42.123.228|9999|高匿名|HTTP|福建省宁德市  联通|0.6秒|2021-03-02 11:31:01
175.43.179.29|9999|高匿名|HTTP|福建省泉州市  联通|2秒|2021-03-02 10:31:01
171.35.147.28|9999|高匿名|HTTP|江西省抚州市  联通|0.7秒|2021-03-02 09:31:02
118.212.106.121|9999|高匿名|HTTP|江西省新余市  联通|4秒|2021-03-02 08:31:01
175.42.158.231|9999|高匿名|HTTP|福建省南平市  联通|4秒|2021-03-02 07:31:01
175.43.152.10|9999|高匿名|HTTP|福建省泉州市  联通|1秒|2021-03-02 06:31:01
183.166.162.63|9999|高匿名|HTTP|安徽省黄山市  电信|1秒|2021-03-02 05:31:01
175.42.123.201|9999|高匿名|HTTP|福建省宁德市  联通|7秒|2021-03-02 04:31:01
121.233.226.149|9999|高匿名|HTTP|江苏省扬州市  电信|0.8秒|2021-03-02 03:31:01
49.86.24.122|9999|高匿名|HTTP|江苏省扬州市邗江区  电信|0.3秒|2021-03-02 02:31:01
49.86.176.47|9999|高匿名|HTTP|江苏省扬州市  电信|3秒|2021-03-02 01:31:02
36.249.52.22|9999|高匿名|HTTP|福建省泉州市  联通|5秒|2021-03-02 00:31:01
175.146.71.243|9999|高匿名|HTTP|辽宁省鞍山市  联通|0.6秒|2021-03-01 23:31:01
121.232.148.86|9000|高匿名|HTTP|江苏省镇江市  电信|0.5秒|2021-03-01 22:31:01
175.42.68.249|9999|高匿名|HTTP|福建省宁德市  联通|1秒|2021-03-01 21:31:01
180.118.128.126|9000|高匿名|HTTP|江苏省镇江市  电信|3秒|2021-03-01 20:31:01
223.243.172.88|9999|高匿名|HTTP|中国 安徽省 宣城市 电信|0.4秒|2021-03-01 19:31:01
115.221.241.93|9999|高匿名|HTTP|浙江省温州市  电信|0.7秒|2021-03-01 18:31:02
113.121.23.216|9999|高匿名|HTTP|山东省烟台市  电信|0.8秒|2021-03-01 17:31:01
222.189.191.217|9999|高匿名|HTTP|江苏省扬州市  电信|3秒|2021-03-01 16:31:02
112.111.77.128|9999|高匿名|HTTP|福建省南平市  联通|4秒|2021-03-01 15:31:01
140.255.185.169|9999|高匿名|HTTP|山东省淄博市  电信|0.5秒|2021-03-01 14:31:01
117.69.13.16|9999|高匿名|HTTP|安徽省淮南市  电信|0.4秒|2021-03-01 13:31:01
112.111.77.245|9999|高匿名|HTTP|福建省南平市  联通|2秒|2021-03-01 12:31:01
36.249.109.2|9999|高匿名|HTTP|福建省泉州市  联通|0.7秒|2021-03-01 11:31:01
115.221.240.116|9999|高匿名|HTTP|浙江省温州市  电信|1秒|2021-03-01 10:31:01
60.167.134.210|1133|高匿名|HTTP|安徽省芜湖市  电信|0.5秒|2021-03-01 09:31:01
183.166.162.158|9999|高匿名|HTTP|安徽省黄山市  电信|0.5秒|2021-03-01 08:31:02
123.169.38.99|9999|高匿名|HTTP|山东省烟台市  电信|0.5秒|2021-03-01 07:31:02
113.121.47.54|9999|高匿名|HTTP|山东省烟台市  电信|0.8秒|2021-03-01 06:31:01
175.43.58.18|9999|高匿名|HTTP|福建省泉州市  联通|1秒|2021-03-01 05:31:01
175.42.68.182|9999|高匿名|HTTP|福建省宁德市  联通|1秒|2021-03-01 04:31:01
49.86.180.210|9999|高匿名|HTTP|江苏省扬州市  电信|0.4秒|2021-03-01 03:31:01
175.42.68.53|9999|高匿名|HTTP|福建省宁德市  联通|0.9秒|2021-03-01 02:31:01
175.43.151.244|9999|高匿名|HTTP|福建省泉州市  联通|0.6秒|2021-03-01 01:31:01
115.221.243.91|9999|高匿名|HTTP|浙江省温州市  电信|0.4秒|2021-03-01 00:31:01
112.111.217.61|9999|高匿名|HTTP|福建省宁德市  联通|0.8秒|2021-02-28 23:31:01
112.111.217.144|9999|高匿名|HTTP|福建省宁德市  联通|4秒|2021-02-28 22:31:01
106.111.53.237|9999|高匿名|HTTP|江苏省宿迁市  电信|0.5秒|2021-02-28 21:31:01
117.69.130.97|9999|高匿名|HTTP|安徽省黄山市  电信|0.2秒|2021-02-28 20:31:01
115.221.245.25|9999|高匿名|HTTP|浙江省温州市  电信|0.5秒|2021-02-28 19:31:01
182.34.33.246|9999|高匿名|HTTP|山东省烟台市  电信|0.6秒|2021-02-28 18:31:01
115.221.244.89|9999|高匿名|HTTP|浙江省温州市  电信|9秒|2021-02-28 17:31:01
175.44.108.153|9999|高匿名|HTTP|福建省南平市  联通|1秒|2021-02-28 16:31:01
175.43.156.50|9999|高匿名|HTTP|福建省泉州市  联通|3秒|2021-02-28 15:31:01
115.221.241.216|9999|高匿名|HTTP|浙江省温州市  电信|0.5秒|2021-02-28 14:31:01
171.35.212.243|9999|高匿名|HTTP|江西省新余市  联通|0.6秒|2021-02-28 13:31:01
49.70.64.141|9999|高匿名|HTTP|江苏省宿迁市  电信|1秒|2021-02-28 12:31:01
113.194.130.117|9999|高匿名|HTTP|江西省宜春市  联通|0.6秒|2021-02-28 11:31:01
175.42.122.20|9999|高匿名|HTTP|福建省宁德市  联通|1秒|2021-02-28 10:31:01
175.43.179.230|9999|高匿名|HTTP|福建省泉州市  联通|1秒|2021-02-28 09:31:01
175.42.128.153|9999|高匿名|HTTP|福建省南平市  联通|5秒|2021-02-28 08:31:01
175.43.56.31|9999|高匿名|HTTP|福建省泉州市  联通|5秒|2021-02-28 07:31:01
171.35.142.123|9999|高匿名|HTTP|江西省抚州市  联通|5秒|2021-02-28 06:31:01
123.169.112.96|9999|高匿名|HTTP|山东省淄博市  电信|0.5秒|2021-02-28 05:31:01
175.42.123.84|9999|高匿名|HTTP|福建省宁德市  联通|0.7秒|2021-02-28 04:31:01
175.43.57.5|9999|高匿名|HTTP|福建省泉州市  联通|0.8秒|2021-02-28 03:31:01
175.42.129.46|9999|高匿名|HTTP|福建省南平市  联通|4秒|2021-02-28 02:31:01
123.169.100.203|9999|高匿名|HTTP|山东省淄博市  电信|0.5秒|2021-02-28 01:31:01
117.91.250.165|9999|高匿名|HTTP|江苏省扬州市  电信|1秒|2021-02-28 00:31:01
175.43.143.223|9999|高匿名|HTTP|福建省泉州市  联通|3秒|2021-02-27 23:31:01
121.233.206.80|9999|高匿名|HTTP|江苏省扬州市  电信|0.4秒|2021-02-27 22:31:01
110.243.2.183|9999|高匿名|HTTP|河北省唐山市  联通|0.4秒|2021-02-27 21:31:01
175.42.68.197|9999|高匿名|HTTP|福建省宁德市  联通|6秒|2021-02-27 20:31:01
175.42.122.177|9999|高匿名|HTTP|福建省宁德市  联通|4秒|2021-02-27 19:31:01
113.121.93.12|9999|高匿名|HTTP|山东省淄博市  电信|0.5秒|2021-02-27 18:31:01
117.69.151.126|9999|高匿名|HTTP|安徽省黄山市  电信|0.4秒|2021-02-27 17:31:01
175.42.123.143|9999|高匿名|HTTP|福建省宁德市  联通|0.6秒|2021-02-27 16:31:01
175.42.68.91|9999|高匿名|HTTP|福建省宁德市  联通|0.5秒|2021-02-27 15:31:01
115.221.242.183|9999|高匿名|HTTP|浙江省温州市  电信|3秒|2021-02-27 14:31:01
60.19.239.64|9999|高匿名|HTTP|辽宁省鞍山市  联通|0.5秒|2021-02-27 13:31:01
115.221.243.255|9999|高匿名|HTTP|浙江省温州市  电信|2秒|2021-02-27 12:31:01
175.42.122.159|9999|高匿名|HTTP|福建省宁德市  联通|9秒|2021-02-27 11:31:01
121.226.215.62|9999|高匿名|HTTP|江苏省宿迁市  电信|0.4秒|2021-02-27 10:31:01
49.70.99.251|9999|高匿名|HTTP|江苏省宿迁市  电信|3秒|2021-02-27 09:31:01
175.42.68.225|9999|高匿名|HTTP|福建省宁德市  联通|3秒|2021-02-27 08:31:01
115.221.245.70|9999|高匿名|HTTP|浙江省温州市  电信|5秒|2021-02-27 07:31:01
120.83.102.185|9999|高匿名|HTTP|广东省揭阳市  联通|0.6秒|2021-02-27 06:31:01
110.243.17.43|9999|高匿名|HTTP|河北省唐山市  联通|0.4秒|2021-02-27 05:31:01
117.69.170.31|9999|高匿名|HTTP|安徽省黄山市  电信|0.6秒|2021-02-27 04:31:01
27.43.188.110|9999|高匿名|HTTP|广东省揭阳市  联通|8秒|2021-02-27 03:31:01
175.43.59.2|9999|高匿名|HTTP|福建省泉州市  联通|3秒|2021-02-27 02:31:01
121.233.227.123|9999|高匿名|HTTP|江苏省扬州市  电信|0.4秒|2021-02-27 01:31:01
113.124.93.95|9999|高匿名|HTTP|山东省烟台市  电信|4秒|2021-02-27 00:31:02
220.249.149.196|9999|高匿名|HTTP|福建省南平市  联通|4秒|2021-02-26 23:31:01
114.239.2.8|9999|高匿名|HTTP|江苏省宿迁市  电信|0.5秒|2021-02-26 22:31:01
121.233.226.208|9999|高匿名|HTTP|江苏省扬州市  电信|0.4秒|2021-02-26 21:31:02
175.43.35.27|9999|高匿名|HTTP|福建省泉州市  联通|4秒|2021-02-26 20:31:01
112.111.217.94|9999|高匿名|HTTP|福建省宁德市  联通|0.5秒|2021-02-26 19:31:02
36.249.52.35|9999|高匿名|HTTP|福建省泉州市  联通|3秒|2021-02-26 18:31:01
183.166.102.120|9999|高匿名|HTTP|安徽省淮南市  电信|6秒|2021-02-26 17:31:01
175.42.129.122|9999|高匿名|HTTP|福建省南平市  联通|0.9秒|2021-02-26 16:31:01
114.103.168.212|9999|高匿名|HTTP|中国 安徽省 宣城市 电信|0.4秒|2021-02-26 15:31:01
115.221.244.165|9999|高匿名|HTTP|浙江省温州市  电信|0.5秒|2021-02-26 14:31:01
115.210.46.75|9999|高匿名|HTTP|浙江省金华市  电信|0.4秒|2021-02-26 13:31:01
60.169.133.10|9999|高匿名|HTTP|安徽省芜湖市  电信|1秒|2021-02-26 12:31:01
123.54.44.176|9999|高匿名|HTTP|河南省商丘市  电信|4秒|2021-02-26 11:31:01
175.43.151.103|9999|高匿名|HTTP|福建省泉州市  联通|0.6秒|2021-02-26 10:31:01
175.43.35.21|9999|高匿名|HTTP|福建省泉州市  联通|3秒|2021-02-26 09:31:01
175.42.68.205|9999|高匿名|HTTP|福建省宁德市  联通|1.0秒|2021-02-26 08:31:01
111.160.169.54|41820|高匿名|HTTP|天津市天津市  联通|2秒|2021-02-26 07:31:01
115.221.241.51|9999|高匿名|HTTP|浙江省温州市  电信|1秒|2021-02-26 06:31:01
117.66.254.96|9999|高匿名|HTTP|安徽省芜湖市  电信|0.8秒|2021-02-26 05:31:01
183.165.11.242|9999|高匿名|HTTP|中国 安徽省 宣城市 电信|0.4秒|2021-02-26 04:31:01
110.243.0.15|9999|高匿名|HTTP|河北省唐山市  联通|1秒|2021-02-26 03:31:01
175.43.85.109|9999|高匿名|HTTP|福建省泉州市  联通|0.9秒|2021-02-26 02:31:01
171.12.221.134|9999|高匿名|HTTP|河南省商丘市  电信|0.7秒|2021-02-26 01:31:01
182.46.121.37|9999|高匿名|HTTP|山东省济宁市  电信|3秒|2021-02-26 00:31:01
175.42.123.10|9999|高匿名|HTTP|福建省宁德市  联通|0.8秒|2021-02-25 23:31:01
175.43.34.10|9999|高匿名|HTTP|福建省泉州市  联通|1秒|2021-02-25 22:31:01
175.42.122.185|9999|高匿名|HTTP|福建省宁德市  联通|5秒|2021-02-25 21:31:01
222.189.190.61|9999|高匿名|HTTP|江苏省扬州市  电信|5秒|2021-02-25 20:31:01
183.166.20.236|9999|高匿名|HTTP|安徽省淮南市  电信|0.5秒|2021-02-25 19:31:01
49.89.87.112|9999|高匿名|HTTP|江苏省宿迁市  电信|0.5秒|2021-02-25 18:31:01
183.166.111.170|9999|高匿名|HTTP|安徽省淮南市  电信|0.5秒|2021-02-25 17:31:02
36.249.109.13|9999|高匿名|HTTP|福建省泉州市  联通|3秒|2021-02-25 16:31:02
115.221.240.246|9999|高匿名|HTTP|浙江省温州市  电信|0.5秒|2021-02-25 15:31:01
123.52.179.231|9999|高匿名|HTTP|河南省商丘市  电信|0.9秒|2021-02-25 14:31:01
113.121.66.157|9999|高匿名|HTTP|山东省淄博市  电信|0.2秒|2021-02-25 13:31:01
36.249.49.57|9999|高匿名|HTTP|福建省泉州市  联通|2秒|2021-02-25 12:31:01
36.57.87.8|9999|高匿名|HTTP|安徽省黄山市  电信|0.4秒|2021-02-25 11:31:01
115.221.246.52|9999|高匿名|HTTP|浙江省温州市  电信|3秒|2021-02-25 10:31:01
171.35.175.11|9999|高匿名|HTTP|江西省宜春市  联通|2秒|2021-02-25 09:31:01
49.89.84.71|9999|高匿名|HTTP|江苏省宿迁市  电信|0.4秒|2021-02-25 08:31:01
123.169.124.123|9999|高匿名|HTTP|山东省淄博市  电信|3秒|2021-02-25 07:31:01
124.94.252.155|9999|高匿名|HTTP|辽宁省鞍山市  联通|0.7秒|2021-02-25 06:31:01
183.166.70.196|9999|高匿名|HTTP|安徽省淮南市  电信|0.5秒|2021-02-25 05:31:01
49.89.87.151|9999|高匿名|HTTP|江苏省宿迁市  电信|1秒|2021-02-25 04:31:01
183.166.71.241|9999|高匿名|HTTP|安徽省淮南市  电信|0.4秒|2021-02-25 03:31:01
113.121.44.8|9999|高匿名|HTTP|山东省烟台市  电信|0.5秒|2021-02-25 02:31:01
175.43.34.38|9999|高匿名|HTTP|福建省泉州市  联通|0.5秒|2021-02-25 01:31:01
175.42.122.66|9999|高匿名|HTTP|福建省宁德市  联通|0.9秒|2021-02-25 00:31:02
120.83.97.133|9999|高匿名|HTTP|广东省揭阳市  联通|2秒|2021-02-24 23:31:01
183.166.103.118|9999|高匿名|HTTP|安徽省淮南市  电信|3秒|2021-02-24 22:31:01
123.169.118.192|9999|高匿名|HTTP|山东省淄博市  电信|0.5秒|2021-02-24 21:31:01
115.221.246.84|9999|高匿名|HTTP|浙江省温州市  电信|2秒|2021-02-24 20:31:01
114.104.138.85|9999|高匿名|HTTP|安徽省黄山市  电信|0.2秒|2021-02-24 19:31:01
110.243.21.235|9999|高匿名|HTTP|河北省唐山市  联通|0.4秒|2021-02-24 18:31:02
120.83.111.119|9999|高匿名|HTTP|广东省揭阳市  联通|1秒|2021-02-24 17:31:02
175.42.128.185|9999|高匿名|HTTP|福建省南平市  联通|0.6秒|2021-02-24 16:31:02
112.111.217.5|9999|高匿名|HTTP|福建省宁德市  联通|0.7秒|2021-02-24 15:31:01
36.248.133.9|9999|高匿名|HTTP|福建省宁德市  联通|7秒|2021-02-24 14:31:01
175.42.122.196|9999|高匿名|HTTP|福建省宁德市  联通|1秒|2021-02-24 13:31:01
175.43.178.78|9999|高匿名|HTTP|福建省泉州市  联通|0.6秒|2021-02-24 12:31:02
175.43.58.39|9999|高匿名|HTTP|福建省泉州市  联通|3秒|2021-02-24 11:31:01
112.111.77.72|9999|高匿名|HTTP|福建省南平市  联通|0.9秒|2021-02-24 10:31:01
171.35.160.70|9999|高匿名|HTTP|江西省宜春市  联通|0.5秒|2021-02-24 09:31:01
175.43.58.44|9999|高匿名|HTTP|福建省泉州市  联通|3秒|2021-02-24 08:31:01
49.86.176.133|9999|高匿名|HTTP|江苏省扬州市  电信|0.4秒|2021-02-24 07:31:01
175.42.68.196|9999|高匿名|HTTP|福建省宁德市  联通|2秒|2021-02-24 06:31:01
175.43.58.8|9999|高匿名|HTTP|福建省泉州市  联通|4秒|2021-02-24 05:31:01
171.13.136.67|9999|高匿名|HTTP|河南省商丘市  电信|0.6秒|2021-02-24 04:31:01
171.13.137.98|9999|高匿名|HTTP|河南省商丘市  电信|0.9秒|2021-02-24 03:31:01
175.43.151.209|9999|高匿名|HTTP|福建省泉州市  联通|0.7秒|2021-02-24 02:31:01
123.169.113.4|9999|高匿名|HTTP|山东省淄博市  电信|0.3秒|2021-02-24 01:31:01
113.124.92.97|9999|高匿名|HTTP|山东省烟台市  电信|3秒|2021-02-24 00:31:01
182.34.35.235|9999|高匿名|HTTP|山东省烟台市  电信|0.7秒|2021-02-23 23:31:01
123.169.34.26|9999|高匿名|HTTP|山东省烟台市  电信|0.5秒|2021-02-23 22:31:01
122.138.141.62|9999|高匿名|HTTP|吉林省白山市  联通|0.6秒|2021-02-23 21:31:01
1.198.41.178|9999|高匿名|HTTP|河南省商丘市  电信|0.5秒|2021-02-23 20:31:01
175.146.215.38|9999|高匿名|HTTP|中国 辽宁省 营口市 联通|7秒|2021-02-23 19:31:01
112.111.217.197|9999|高匿名|HTTP|福建省宁德市  联通|0.7秒|2021-02-23 18:31:01
115.221.240.78|9999|高匿名|HTTP|浙江省温州市  电信|2秒|2021-02-23 17:31:02
114.239.3.125|9999|高匿名|HTTP|江苏省宿迁市  电信|1.0秒|2021-02-23 16:31:01
49.86.180.119|9999|高匿名|HTTP|江苏省扬州市  电信|0.4秒|2021-02-23 15:31:02
120.83.107.136|9999|高匿名|HTTP|广东省揭阳市  联通|0.6秒|2021-02-23 14:31:01
117.69.168.192|9999|高匿名|HTTP|安徽省黄山市  电信|0.5秒|2021-02-23 13:31:01
171.13.137.124|9999|高匿名|HTTP|河南省商丘市  电信|0.5秒|2021-02-23 12:31:01
223.242.225.46|9999|高匿名|HTTP|安徽省淮南市  电信|0.5秒|2021-02-23 11:31:01
49.89.103.159|9999|高匿名|HTTP|江苏省宿迁市  电信|0.8秒|2021-02-23 10:31:01
175.42.128.197|9999|高匿名|HTTP|福建省南平市  联通|6秒|2021-02-23 09:31:01
110.243.4.9|9999|高匿名|HTTP|河北省唐山市  联通|0.4秒|2021-02-23 08:31:01
175.42.129.40|9999|高匿名|HTTP|福建省南平市  联通|0.6秒|2021-02-23 07:31:01
115.221.241.99|9999|高匿名|HTTP|浙江省温州市  电信|5秒|2021-02-23 06:31:01
36.249.49.16|9999|高匿名|HTTP|福建省泉州市  联通|0.6秒|2021-02-23 05:31:01
117.95.199.86|9999|高匿名|HTTP|江苏省宿迁市  电信|0.5秒|2021-02-23 04:31:01
114.104.129.115|9999|高匿名|HTTP|中国 安徽省 黄山市 电信|0.4秒|2021-02-23 03:31:01
114.239.199.158|9999|高匿名|HTTP|江苏省宿迁市  电信|0.6秒|2021-02-23 02:31:01
175.43.130.76|9999|高匿名|HTTP|福建省泉州市  联通|0.6秒|2021-02-23 01:31:01
175.42.122.245|9999|高匿名|HTTP|福建省宁德市  联通|0.6秒|2021-02-23 00:31:02
113.124.92.140|9999|高匿名|HTTP|山东省烟台市  电信|0.7秒|2021-02-22 23:31:01
220.249.149.242|9999|高匿名|HTTP|福建省南平市  联通|3秒|2021-02-22 22:31:01
175.43.32.32|9999|高匿名|HTTP|福建省泉州市  联通|1秒|2021-02-22 21:31:01
171.35.168.65|9999|高匿名|HTTP|江西省宜春市  联通|0.5秒|2021-02-22 20:31:01
175.43.32.39|9999|高匿名|HTTP|福建省泉州市  联通|5秒|2021-02-22 19:31:01
123.169.120.154|9999|高匿名|HTTP|山东省淄博市  电信|1秒|2021-02-22 18:31:01
183.166.110.24|9999|高匿名|HTTP|安徽省淮南市  电信|0.4秒|2021-02-22 17:31:02
49.86.177.103|9999|高匿名|HTTP|江苏省扬州市  电信|0.4秒|2021-02-22 16:31:01
175.43.32.38|9999|高匿名|HTTP|福建省泉州市  联通|7秒|2021-02-22 15:31:01
115.221.244.99|9999|高匿名|HTTP|浙江省温州市  电信|5秒|2021-02-22 14:31:01
171.13.136.116|9999|高匿名|HTTP|河南省商丘市  电信|0.6秒|2021-02-22 13:31:02
175.155.71.88|1133|高匿名|HTTP|四川省达州市  联通|2秒|2021-02-22 12:31:01
115.221.245.167|9999|高匿名|HTTP|浙江省温州市  电信|4秒|2021-02-22 11:31:01
120.83.107.27|9999|高匿名|HTTP|广东省揭阳市  联通|0.7秒|2021-02-22 10:31:02
220.249.149.11|9999|高匿名|HTTP|福建省南平市  联通|2秒|2021-02-22 09:31:01
171.35.146.200|9999|高匿名|HTTP|江西省抚州市  联通|0.3秒|2021-02-22 08:31:01
113.121.36.34|9999|高匿名|HTTP|山东省烟台市  电信|4秒|2021-02-22 07:31:01
112.111.217.249|9999|高匿名|HTTP|福建省宁德市  联通|0.7秒|2021-02-22 06:31:01
121.226.215.198|9999|高匿名|HTTP|江苏省宿迁市  电信|0.5秒|2021-02-22 05:31:01
171.35.142.209|9999|高匿名|HTTP|江西省抚州市  联通|0.5秒|2021-02-22 04:31:01
115.218.3.112|9000|高匿名|HTTP|浙江省温州市  电信|0.4秒|2021-02-22 03:31:01
121.232.148.51|9000|高匿名|HTTP|中国 江苏省 镇江市 电信|3秒|2021-02-22 02:31:01
121.233.207.217|9999|高匿名|HTTP|江苏省扬州市  电信|4秒|2021-02-22 01:31:01
180.119.93.22|9999|高匿名|HTTP|江苏省扬州市  电信|0.5秒|2021-02-22 00:31:02
180.118.128.58|9000|高匿名|HTTP|江苏省镇江市  电信|0.4秒|2021-02-21 23:31:01
36.250.156.241|9999|高匿名|HTTP|福建省宁德市  联通|1秒|2021-02-21 22:31:01
175.43.156.51|9999|高匿名|HTTP|福建省泉州市  联通|0.6秒|2021-02-21 21:31:01
171.13.136.87|9999|高匿名|HTTP|河南省商丘市  电信|0.5秒|2021-02-21 20:31:02
115.221.244.84|9999|高匿名|HTTP|浙江省温州市  电信|1秒|2021-02-21 19:31:01
175.43.59.53|9999|高匿名|HTTP|福建省泉州市  联通|0.6秒|2021-02-21 18:31:02
123.54.45.32|9999|高匿名|HTTP|河南省商丘市  电信|0.5秒|2021-02-21 17:31:01
175.42.68.195|9999|高匿名|HTTP|福建省宁德市  联通|1秒|2021-02-21 16:31:01
112.111.217.69|9999|高匿名|HTTP|福建省宁德市  联通|4秒|2021-02-21 15:31:01
123.101.66.228|9999|高匿名|HTTP|河南省商丘市  电信|0.7秒|2021-02-21 14:31:01
175.43.57.37|9999|高匿名|HTTP|福建省泉州市  联通|3秒|2021-02-21 13:31:01
175.43.59.55|9999|高匿名|HTTP|福建省泉州市  联通|2秒|2021-02-21 12:31:01
123.169.124.145|9999|高匿名|HTTP|山东省淄博市  电信|0.6秒|2021-02-21 11:31:01
121.232.148.61|9000|高匿名|HTTP|中国 江苏省 镇江市 电信|0.4秒|2021-02-21 10:31:02
27.43.184.34|9999|高匿名|HTTP|广东省揭阳市  联通|7秒|2021-02-21 09:31:01
36.249.109.22|9999|高匿名|HTTP|福建省泉州市  联通|0.9秒|2021-02-21 08:31:01
122.138.145.132|9999|高匿名|HTTP|吉林省白山市  联通|0.6秒|2021-02-21 07:31:01
175.42.123.247|9999|高匿名|HTTP|福建省宁德市  联通|3秒|2021-02-21 06:31:02
175.43.58.51|9999|高匿名|HTTP|福建省泉州市  联通|6秒|2021-02-21 05:31:01
115.221.242.196|9999|高匿名|HTTP|浙江省温州市  电信|0.5秒|2021-02-21 04:31:01
36.248.133.95|9999|高匿名|HTTP|福建省宁德市  联通|3秒|2021-02-21 03:31:01
113.121.20.90|9999|高匿名|HTTP|山东省烟台市  电信|0.3秒|2021-02-21 02:31:01
110.243.26.108|9999|高匿名|HTTP|河北省唐山市  联通|0.5秒|2021-02-21 01:31:01
182.46.115.190|9999|高匿名|HTTP|山东省聊城市  电信|0.5秒|2021-02-21 00:31:01
36.249.48.40|9999|高匿名|HTTP|福建省泉州市  联通|2秒|2021-02-20 23:31:02
121.233.206.158|9999|高匿名|HTTP|江苏省扬州市  电信|2秒|2021-02-20 22:31:02
110.243.17.83|9999|高匿名|HTTP|河北省唐山市  联通|0.3秒|2021-02-20 21:31:01
175.42.128.111|9999|高匿名|HTTP|福建省南平市  联通|6秒|2021-02-20 20:31:02
36.248.133.214|9999|高匿名|HTTP|福建省宁德市  联通|1秒|2021-02-20 19:31:01
113.124.84.153|9999|高匿名|HTTP|山东省烟台市  电信|1秒|2021-02-20 18:31:01
171.35.173.183|9999|高匿名|HTTP|江西省宜春市  联通|0.6秒|2021-02-20 17:31:01
123.169.97.23|9999|高匿名|HTTP|山东省淄博市  电信|0.4秒|2021-02-20 16:31:01
175.43.151.105|9999|高匿名|HTTP|福建省泉州市  联通|0.7秒|2021-02-20 15:31:01
223.242.225.49|9999|高匿名|HTTP|安徽省淮南市  电信|1秒|2021-02-20 14:31:02
115.210.47.85|9999|高匿名|HTTP|浙江省金华市  电信|0.4秒|2021-02-20 13:31:01
183.166.71.46|9999|高匿名|HTTP|安徽省淮南市  电信|0.4秒|2021-02-20 12:31:01
175.44.108.133|9999|高匿名|HTTP|福建省南平市  联通|1秒|2021-02-20 11:31:01
202.109.157.65|9000|高匿名|HTTP|江西省赣州市  电信|0.4秒|2021-02-20 10:31:01
112.111.217.152|9999|高匿名|HTTP|福建省宁德市  联通|0.7秒|2021-02-20 09:31:01
183.166.111.5|9999|高匿名|HTTP|安徽省淮南市  电信|0.4秒|2021-02-20 08:31:01
113.121.45.64|9999|高匿名|HTTP|山东省烟台市  电信|0.7秒|2021-02-20 07:31:01
175.42.122.48|9999|高匿名|HTTP|福建省宁德市  联通|0.6秒|2021-02-20 06:31:02
175.43.59.14|9999|高匿名|HTTP|福建省泉州市  联通|3秒|2021-02-20 05:31:01
175.42.129.63|9999|高匿名|HTTP|福建省南平市  联通|0.6秒|2021-02-20 04:31:01
123.169.121.249|9999|高匿名|HTTP|山东省淄博市  电信|1秒|2021-02-20 03:31:01
123.169.123.177|9999|高匿名|HTTP|山东省淄博市  电信|1.0秒|2021-02-20 02:31:01
175.43.56.27|9999|高匿名|HTTP|福建省泉州市  联通|2秒|2021-02-20 01:31:01
49.86.56.40|9999|高匿名|HTTP|江苏省扬州市  电信|0.7秒|2021-02-20 00:31:01
175.42.128.212|9999|高匿名|HTTP|福建省南平市  联通|0.8秒|2021-02-19 23:31:01
123.169.123.56|9999|高匿名|HTTP|山东省淄博市  电信|0.5秒|2021-02-19 22:31:02
113.195.224.89|9999|高匿名|HTTP|江西省新余市  联通|0.5秒|2021-02-19 21:31:01
223.215.19.122|9999|高匿名|HTTP|安徽省黄山市  电信|0.5秒|2021-02-19 20:31:01
123.169.121.88|9999|高匿名|HTTP|山东省淄博市  电信|1秒|2021-02-19 19:31:01
49.70.33.211|9999|高匿名|HTTP|江苏省宿迁市  电信|0.5秒|2021-02-19 18:31:01
175.42.129.137|9999|高匿名|HTTP|福建省南平市  联通|1秒|2021-02-19 17:31:02
36.249.48.36|9999|高匿名|HTTP|福建省泉州市  联通|1秒|2021-02-19 16:31:01
112.111.217.65|9999|高匿名|HTTP|福建省宁德市  联通|3秒|2021-02-19 15:31:01
175.42.128.251|9999|高匿名|HTTP|福建省南平市  联通|2秒|2021-02-19 14:31:01
175.42.123.145|9999|高匿名|HTTP|福建省宁德市  联通|0.5秒|2021-02-19 13:31:01
49.89.143.211|9999|高匿名|HTTP|江苏省宿迁市  电信|3秒|2021-02-19 12:31:01
113.194.136.112|9999|高匿名|HTTP|江西省宜春市  联通|0.6秒|2021-02-19 11:31:02
175.44.108.254|9999|高匿名|HTTP|福建省南平市  联通|0.5秒|2021-02-19 10:31:01
175.42.68.131|9999|高匿名|HTTP|福建省宁德市  联通|0.6秒|2021-02-19 09:31:01
115.61.32.254|9999|高匿名|HTTP|中国 河南省 濮阳市 联通|0.5秒|2021-02-19 08:31:01
175.43.154.106|9999|高匿名|HTTP|福建省泉州市  联通|0.8秒|2021-02-19 07:31:02
117.91.252.86|9999|高匿名|HTTP|江苏省扬州市  电信|1秒|2021-02-19 06:31:01
222.189.191.161|9999|高匿名|HTTP|江苏省扬州市  电信|1秒|2021-02-19 05:31:01
175.42.122.212|9999|高匿名|HTTP|福建省宁德市  联通|5秒|2021-02-19 04:31:01
106.42.216.62|9999|高匿名|HTTP|河南省商丘市  电信|3秒|2021-02-19 03:31:01
117.94.180.129|3000|高匿名|HTTP|中国 江苏 泰州 电信|3秒|2021-02-19 02:31:01
49.86.181.170|9999|高匿名|HTTP|江苏省扬州市  电信|0.4秒|2021-02-19 01:31:01
182.34.37.48|9999|高匿名|HTTP|山东省烟台市  电信|4秒|2021-02-19 00:31:01
106.111.53.7|9999|高匿名|HTTP|江苏省宿迁市  电信|0.5秒|2021-02-18 23:31:01
175.42.123.246|9999|高匿名|HTTP|福建省宁德市  联通|2秒|2021-02-18 22:31:01
115.221.245.123|9999|高匿名|HTTP|浙江省温州市  电信|4秒|2021-02-18 21:31:01
113.194.129.150|9999|高匿名|HTTP|江西省宜春市  联通|0.7秒|2021-02-18 20:31:01
49.86.180.30|9999|高匿名|HTTP|江苏省扬州市  电信|0.5秒|2021-02-18 19:31:01
115.221.245.87|9999|高匿名|HTTP|浙江省温州市  电信|0.5秒|2021-02-18 18:31:01
140.255.191.60|9999|高匿名|HTTP|山东省淄博市  电信|0.9秒|2021-02-18 17:31:01
115.221.244.224|9999|高匿名|HTTP|浙江省温州市  电信|3秒|2021-02-18 16:31:01
121.233.227.114|9999|高匿名|HTTP|江苏省扬州市  电信|0.5秒|2021-02-18 15:31:02
117.91.250.105|9999|高匿名|HTTP|江苏省扬州市  电信|0.5秒|2021-02-18 14:31:01
175.44.108.135|9999|高匿名|HTTP|福建省南平市  联通|3秒|2021-02-18 13:31:01
49.85.163.162|3000|高匿名|HTTP|中国 江苏 泰州 电信|0.4秒|2021-02-18 12:31:01
115.221.241.99|9999|高匿名|HTTP|浙江省温州市  电信|3秒|2021-02-18 11:31:02
114.230.107.239|9999|高匿名|HTTP|江苏省扬州市  电信|0.4秒|2021-02-18 10:31:01
183.166.103.55|9999|高匿名|HTTP|安徽省淮南市  电信|0.6秒|2021-02-18 09:31:01
183.166.20.161|9999|高匿名|HTTP|中国 安徽省 淮南市 电信|3秒|2021-02-18 08:31:01
113.195.23.165|9999|高匿名|HTTP|江西省九江市  联通|3秒|2021-02-18 07:31:01
175.42.123.40|9999|高匿名|HTTP|福建省宁德市  联通|3秒|2021-02-18 06:31:01
182.34.36.58|9999|高匿名|HTTP|山东省烟台市  电信|3秒|2021-02-18 05:31:02
175.42.68.231|9999|高匿名|HTTP|福建省宁德市  联通|2秒|2021-02-18 04:31:01
123.169.117.113|9999|高匿名|HTTP|中国 山东省 淄博市 电信|0.6秒|2021-02-18 03:31:01
115.221.246.205|9999|高匿名|HTTP|浙江省温州市  电信|3秒|2021-02-18 02:31:02
120.83.99.50|9999|高匿名|HTTP|广东省揭阳市  联通|1秒|2021-02-18 01:31:02
175.42.123.219|9999|高匿名|HTTP|福建省宁德市  联通|6秒|2021-02-18 00:31:01
123.169.125.173|9999|高匿名|HTTP|山东省淄博市  电信|1秒|2021-02-17 23:31:01
112.111.77.218|9999|高匿名|HTTP|福建省南平市  联通|0.5秒|2021-02-17 22:31:01
175.42.128.42|9999|高匿名|HTTP|福建省南平市  联通|4秒|2021-02-17 21:31:01
140.255.190.20|9999|高匿名|HTTP|山东省淄博市  电信|0.5秒|2021-02-17 20:31:01
112.111.217.177|9999|高匿名|HTTP|福建省宁德市  联通|0.6秒|2021-02-17 19:31:01
117.95.223.103|9999|高匿名|HTTP|江苏省宿迁市  电信|0.5秒|2021-02-17 18:31:01
113.121.92.157|9999|高匿名|HTTP|山东省淄博市  电信|0.5秒|2021-02-17 17:31:02
175.43.59.43|9999|高匿名|HTTP|福建省泉州市  联通|1秒|2021-02-17 16:31:01
112.111.217.150|9999|高匿名|HTTP|福建省宁德市  联通|4秒|2021-02-17 15:31:01
175.42.122.205|9999|高匿名|HTTP|福建省宁德市  联通|4秒|2021-02-17 14:31:01
114.239.145.51|9999|高匿名|HTTP|江苏省宿迁市  电信|0.4秒|2021-02-17 13:31:01
115.221.245.111|9999|高匿名|HTTP|浙江省温州市  电信|0.8秒|2021-02-17 12:31:01
114.239.146.54|9999|高匿名|HTTP|江苏省宿迁市  电信|4秒|2021-02-17 11:31:01
110.243.19.97|9999|高匿名|HTTP|河北省唐山市  联通|1秒|2021-02-17 10:31:01
223.242.224.243|9999|高匿名|HTTP|安徽省淮南市  电信|2秒|2021-02-17 09:31:01
113.121.39.137|9999|高匿名|HTTP|山东省烟台市  电信|0.6秒|2021-02-17 08:31:01
115.221.243.18|9999|高匿名|HTTP|浙江省温州市  电信|1秒|2021-02-17 07:31:01
36.248.129.188|9999|高匿名|HTTP|福建省宁德市  联通|1秒|2021-02-17 06:31:01
120.83.96.155|9999|高匿名|HTTP|广东省揭阳市  联通|0.6秒|2021-02-17 05:31:01
36.248.133.222|9999|高匿名|HTTP|福建省宁德市  联通|0.5秒|2021-02-17 04:31:01
58.253.159.30|9999|高匿名|HTTP|广东省揭阳市  联通|4秒|2021-02-17 03:31:02
223.242.224.86|9999|高匿名|HTTP|安徽省淮南市  电信|0.2秒|2021-02-17 02:31:01
49.86.9.126|9999|高匿名|HTTP|江苏省扬州市  电信|2秒|2021-02-17 01:31:01
114.239.148.235|9999|高匿名|HTTP|江苏省宿迁市  电信|1秒|2021-02-17 00:31:01
175.42.123.229|9999|高匿名|HTTP|福建省宁德市  联通|0.4秒|2021-02-16 23:31:01
115.221.240.47|9999|高匿名|HTTP|浙江省温州市  电信|4秒|2021-02-16 22:31:01
175.44.108.242|9999|高匿名|HTTP|福建省南平市  联通|0.8秒|2021-02-16 21:31:01
112.111.217.245|9999|高匿名|HTTP|福建省宁德市  联通|4秒|2021-02-16 20:31:02
123.101.231.118|9999|高匿名|HTTP|河南省商丘市  电信|0.4秒|2021-02-16 19:31:01
49.86.182.66|9999|高匿名|HTTP|江苏省扬州市  电信|0.4秒|2021-02-16 18:31:01
175.43.143.49|9999|高匿名|HTTP|福建省泉州市  联通|0.6秒|2021-02-16 17:31:01
113.121.38.102|9999|高匿名|HTTP|山东省烟台市  电信|0.5秒|2021-02-16 16:31:01
49.86.180.150|9999|高匿名|HTTP|江苏省扬州市  电信|0.4秒|2021-02-16 15:31:02
115.221.244.154|9999|高匿名|HTTP|浙江省温州市  电信|0.4秒|2021-02-16 14:31:01
175.44.109.168|9999|高匿名|HTTP|福建省南平市  联通|0.6秒|2021-02-16 13:31:02
175.42.158.51|9999|高匿名|HTTP|福建省南平市  联通|2秒|2021-02-16 12:31:01
175.42.122.146|9999|高匿名|HTTP|福建省宁德市  联通|4秒|2021-02-16 11:31:02
115.221.241.113|9999|高匿名|HTTP|浙江省温州市  电信|0.5秒|2021-02-16 10:31:01
175.42.129.20|9999|高匿名|HTTP|福建省南平市  联通|2秒|2021-02-16 09:31:01
36.248.129.214|9999|高匿名|HTTP|福建省宁德市  联通|4秒|2021-02-16 08:31:01
183.166.70.230|9999|高匿名|HTTP|安徽省淮南市  电信|2秒|2021-02-16 07:31:01
182.34.34.21|9999|高匿名|HTTP|山东省烟台市  电信|1秒|2021-02-16 06:31:01
114.239.151.130|9999|高匿名|HTTP|江苏省宿迁市  电信|1秒|2021-02-16 05:31:01
120.83.106.63|9999|高匿名|HTTP|广东省揭阳市  联通|3秒|2021-02-16 04:31:01
113.195.18.66|9999|高匿名|HTTP|江西省九江市  联通|0.4秒|2021-02-16 03:31:01
183.166.132.29|9999|高匿名|HTTP|安徽省黄山市  电信|0.5秒|2021-02-16 02:31:01
222.189.191.6|9999|高匿名|HTTP|江苏省扬州市  电信|1.0秒|2021-02-16 01:31:01
123.101.237.25|9999|高匿名|HTTP|河南省商丘市  电信|0.5秒|2021-02-16 00:31:01
175.43.151.110|9999|高匿名|HTTP|福建省泉州市  联通|2秒|2021-02-15 23:31:01
175.43.33.58|9999|高匿名|HTTP|福建省泉州市  联通|3秒|2021-02-15 22:31:01
114.99.1.176|1133|高匿名|HTTP|安徽省铜陵市  电信|0.5秒|2021-02-15 21:31:01
112.111.77.142|9999|高匿名|HTTP|福建省南平市  联通|0.7秒|2021-02-15 20:31:02
175.42.129.182|9999|高匿名|HTTP|福建省南平市  联通|0.7秒|2021-02-15 19:31:01
112.111.217.24|9999|高匿名|HTTP|福建省宁德市  联通|2秒|2021-02-15 18:31:02
183.166.97.250|9999|高匿名|HTTP|安徽省淮南市  电信|1秒|2021-02-15 17:31:01
36.250.156.213|9999|高匿名|HTTP|福建省宁德市  联通|1秒|2021-02-15 16:31:01
115.221.241.28|9999|高匿名|HTTP|浙江省温州市  电信|6秒|2021-02-15 15:31:01
36.248.129.243|9999|高匿名|HTTP|福建省宁德市  联通|3秒|2021-02-15 14:31:01
110.243.14.119|9999|高匿名|HTTP|河北省唐山市  联通|2秒|2021-02-15 13:31:01
175.43.156.36|9999|高匿名|HTTP|福建省泉州市  联通|0.7秒|2021-02-15 12:31:01
112.111.77.57|9999|高匿名|HTTP|福建省南平市  联通|0.6秒|2021-02-15 11:31:02
113.124.84.132|9999|高匿名|HTTP|中国 山东省 烟台市 电信|1秒|2021-02-15 10:31:01
175.42.123.134|9999|高匿名|HTTP|福建省宁德市  联通|3秒|2021-02-15 09:31:01
115.221.245.131|9999|高匿名|HTTP|浙江省温州市  电信|2秒|2021-02-15 08:31:01
110.243.17.238|9999|高匿名|HTTP|河北省唐山市  联通|0.5秒|2021-02-15 07:31:01
175.42.123.165|9999|高匿名|HTTP|福建省宁德市  联通|0.6秒|2021-02-15 06:31:02
113.194.133.7|9999|高匿名|HTTP|江西省宜春市  联通|1秒|2021-02-15 05:31:01
175.42.158.115|9999|高匿名|HTTP|福建省南平市  联通|0.7秒|2021-02-15 04:31:01
117.69.13.62|9999|高匿名|HTTP|安徽省淮南市  电信|0.4秒|2021-02-15 03:31:01
113.121.64.40|9999|高匿名|HTTP|山东省淄博市  电信|0.7秒|2021-02-15 02:31:01
115.221.240.95|9999|高匿名|HTTP|浙江省温州市  电信|0.5秒|2021-02-15 01:31:01
123.54.52.209|9999|高匿名|HTTP|河南省商丘市  电信|0.6秒|2021-02-15 00:31:01
113.194.28.52|9999|高匿名|HTTP|江西省新余市  联通|0.8秒|2021-02-14 23:31:01
123.169.113.42|9999|高匿名|HTTP|山东省淄博市  电信|1秒|2021-02-14 22:31:01
175.42.68.214|9999|高匿名|HTTP|福建省宁德市  联通|8秒|2021-02-14 21:31:02
58.22.177.54|9999|高匿名|HTTP|福建省南平市  联通|6秒|2021-02-14 20:31:02
36.249.52.53|9999|高匿名|HTTP|福建省泉州市  联通|1秒|2021-02-14 19:31:01
115.221.245.161|9999|高匿名|HTTP|浙江省温州市  电信|3秒|2021-02-14 18:31:01
171.35.168.146|9999|高匿名|HTTP|江西省宜春市  联通|0.5秒|2021-02-14 17:31:01
112.111.77.151|9999|高匿名|HTTP|福建省南平市  联通|2秒|2021-02-14 16:31:01
175.43.179.209|9999|高匿名|HTTP|福建省泉州市  联通|1.0秒|2021-02-14 15:31:01
183.166.97.210|9999|高匿名|HTTP|安徽省淮南市  电信|0.4秒|2021-02-14 14:31:01
175.43.32.31|9999|高匿名|HTTP|福建省泉州市  联通|3秒|2021-02-14 13:31:01
183.166.20.149|9999|高匿名|HTTP|安徽省淮南市  电信|2秒|2021-02-14 12:31:01
123.169.121.143|9999|高匿名|HTTP|山东省淄博市  电信|2秒|2021-02-14 11:31:02
113.121.71.36|9999|高匿名|HTTP|山东省淄博市  电信|1秒|2021-02-14 10:31:01
175.43.142.159|9999|高匿名|HTTP|福建省泉州市  联通|0.6秒|2021-02-14 09:31:01
123.54.52.72|9999|高匿名|HTTP|河南省商丘市  电信|3秒|2021-02-14 08:31:01
171.13.4.31|9999|高匿名|HTTP|河南省商丘市  电信|0.5秒|2021-02-14 07:31:01
163.204.95.96|9999|高匿名|HTTP|广东省揭阳市  联通|2秒|2021-02-14 06:31:01
58.22.177.161|9999|高匿名|HTTP|福建省南平市  联通|2秒|2021-02-14 05:31:01
175.43.58.33|9999|高匿名|HTTP|福建省泉州市  联通|1.0秒|2021-02-14 04:31:01
115.221.246.49|9999|高匿名|HTTP|浙江省温州市  电信|6秒|2021-02-14 03:31:01
123.169.34.85|9999|高匿名|HTTP|山东省烟台市  电信|0.6秒|2021-02-14 02:31:01
175.43.35.20|9999|高匿名|HTTP|福建省泉州市  联通|6秒|2021-02-14 01:31:01
58.22.177.114|9999|高匿名|HTTP|福建省南平市  联通|0.6秒|2021-02-14 00:31:01
36.248.129.174|9999|高匿名|HTTP|福建省宁德市  联通|0.6秒|2021-02-13 23:31:01
144.255.48.24|9999|高匿名|HTTP|山东省烟台市  电信|0.5秒|2021-02-13 22:31:01
49.89.87.118|9999|高匿名|HTTP|江苏省宿迁市  电信|3秒|2021-02-13 21:31:02
115.211.186.188|9999|高匿名|HTTP|浙江省金华市  电信|0.5秒|2021-02-13 20:31:01
175.43.34.4|9999|高匿名|HTTP|福建省泉州市  联通|1秒|2021-02-13 19:31:01
60.169.133.126|9999|高匿名|HTTP|安徽省芜湖市  电信|0.5秒|2021-02-13 18:31:01
123.169.123.156|9999|高匿名|HTTP|山东省淄博市  电信|4秒|2021-02-13 17:31:01
140.255.185.148|9999|高匿名|HTTP|山东省淄博市  电信|2秒|2021-02-13 16:31:01
171.35.142.157|9999|高匿名|HTTP|江西省抚州市  联通|0.6秒|2021-02-13 15:31:01
175.43.58.53|9999|高匿名|HTTP|福建省泉州市  联通|0.7秒|2021-02-13 14:31:01
175.43.156.31|9999|高匿名|HTTP|福建省泉州市  联通|2秒|2021-02-13 13:31:01
121.233.206.78|9999|高匿名|HTTP|江苏省扬州市  电信|3秒|2021-02-13 12:31:01
36.249.109.24|9999|高匿名|HTTP|福建省泉州市  联通|4秒|2021-02-13 11:31:01
36.248.132.29|9999|高匿名|HTTP|福建省宁德市  联通|0.6秒|2021-02-13 10:31:01
220.249.149.210|9999|高匿名|HTTP|福建省南平市  联通|0.6秒|2021-02-13 09:31:01
115.221.246.0|9999|高匿名|HTTP|浙江省温州市  电信|1秒|2021-02-13 08:31:01
36.249.118.30|9999|高匿名|HTTP|福建省泉州市  联通|1秒|2021-02-13 07:31:01
123.169.117.251|9999|高匿名|HTTP|山东省淄博市  电信|0.6秒|2021-02-13 06:31:01
123.169.112.143|9999|高匿名|HTTP|山东省淄博市  电信|1秒|2021-02-13 05:31:01
113.124.86.211|9999|高匿名|HTTP|山东省烟台市  电信|3秒|2021-02-13 04:31:01
115.221.241.87|9999|高匿名|HTTP|浙江省温州市  电信|0.4秒|2021-02-13 03:31:02
120.83.102.147|9999|高匿名|HTTP|广东省揭阳市  联通|1秒|2021-02-13 02:31:01
113.121.23.110|9999|高匿名|HTTP|山东省烟台市  电信|0.5秒|2021-02-13 01:31:01
175.43.156.10|9999|高匿名|HTTP|福建省泉州市  联通|3秒|2021-02-13 00:31:02
123.169.114.125|9999|高匿名|HTTP|山东省淄博市  电信|0.3秒|2021-02-12 23:31:02
112.111.217.120|9999|高匿名|HTTP|福建省宁德市  联通|1秒|2021-02-12 22:31:01
222.189.190.212|9999|高匿名|HTTP|江苏省扬州市  电信|0.6秒|2021-02-12 21:31:02
223.242.224.90|9999|高匿名|HTTP|安徽省淮南市  电信|3秒|2021-02-12 20:31:01
123.169.123.112|9999|高匿名|HTTP|山东省淄博市  电信|0.5秒|2021-02-12 19:31:01
183.166.139.77|9999|高匿名|HTTP|安徽省黄山市  电信|0.4秒|2021-02-12 18:31:01
117.95.201.194|9999|高匿名|HTTP|江苏省宿迁市  电信|0.5秒|2021-02-12 17:31:01
112.83.181.182|9000|高匿名|HTTP|中国 江苏省 泰州市 联通|0.5秒|2021-02-12 16:31:01
27.43.190.89|9999|高匿名|HTTP|广东省揭阳市  联通|2秒|2021-02-12 15:31:01
175.44.109.74|9999|高匿名|HTTP|福建省南平市  联通|0.8秒|2021-02-12 14:31:01
113.121.21.191|9999|高匿名|HTTP|山东省烟台市  电信|0.4秒|2021-02-12 13:31:02
223.215.10.78|9999|高匿名|HTTP|安徽省黄山市  电信|4秒|2021-02-12 12:31:01
220.249.149.238|9999|高匿名|HTTP|福建省南平市  联通|0.4秒|2021-02-12 11:31:01
175.43.34.9|9999|高匿名|HTTP|福建省泉州市  联通|1秒|2021-02-12 10:31:01
115.221.241.147|9999|高匿名|HTTP|浙江省温州市  电信|4秒|2021-02-12 09:31:01
112.111.77.68|9999|高匿名|HTTP|福建省南平市  联通|3秒|2021-02-12 08:31:01
175.43.33.28|9999|高匿名|HTTP|福建省泉州市  联通|4秒|2021-02-12 07:31:01
120.83.104.156|9999|高匿名|HTTP|广东省揭阳市  联通|2秒|2021-02-12 06:31:01
58.253.156.121|9999|高匿名|HTTP|广东省揭阳市  联通|1秒|2021-02-12 05:31:01
58.253.154.101|9999|高匿名|HTTP|广东省揭阳市  联通|0.7秒|2021-02-12 04:31:02
183.166.132.129|9999|高匿名|HTTP|安徽省黄山市  电信|4秒|2021-02-12 03:31:01
117.91.251.15|9999|高匿名|HTTP|江苏省扬州市  电信|2秒|2021-02-12 02:31:01
175.44.108.12|9999|高匿名|HTTP|福建省南平市  联通|0.9秒|2021-02-12 01:31:01
113.121.46.247|9999|高匿名|HTTP|山东省烟台市  电信|0.5秒|2021-02-12 00:31:01
113.194.30.160|9999|高匿名|HTTP|江西省新余市  联通|0.4秒|2021-02-11 23:31:01
175.42.123.77|9999|高匿名|HTTP|福建省宁德市  联通|0.9秒|2021-02-11 22:31:01
114.239.145.196|9999|高匿名|HTTP|江苏省宿迁市  电信|0.6秒|2021-02-11 21:31:01
113.121.72.174|9999|高匿名|HTTP|山东省淄博市  电信|1.0秒|2021-02-11 20:31:01
36.249.118.4|9999|高匿名|HTTP|福建省泉州市  联通|0.8秒|2021-02-11 19:31:01
175.43.151.192|9999|高匿名|HTTP|福建省泉州市  联通|0.7秒|2021-02-11 18:31:01
182.122.184.28|9999|高匿名|HTTP|河南省濮阳市  联通|0.5秒|2021-02-11 17:31:01
121.232.148.129|9000|高匿名|HTTP|中国 江苏省 镇江市 电信|0.5秒|2021-02-11 16:31:01
36.249.48.50|9999|高匿名|HTTP|福建省泉州市  联通|0.6秒|2021-02-11 15:31:01
175.44.108.174|9999|高匿名|HTTP|福建省南平市  联通|0.4秒|2021-02-11 14:31:01
121.232.194.252|9000|高匿名|HTTP|江苏省镇江市  电信|0.9秒|2021-02-11 13:31:01
123.101.64.129|9999|高匿名|HTTP|河南省商丘市  电信|0.6秒|2021-02-11 12:31:01
171.13.136.194|9999|高匿名|HTTP|河南省商丘市  电信|0.6秒|2021-02-11 11:31:01
175.43.56.31|9999|高匿名|HTTP|福建省泉州市  联通|1秒|2021-02-11 10:31:01
183.166.110.118|9999|高匿名|HTTP|安徽省淮南市  电信|0.5秒|2021-02-11 09:31:01
115.221.246.183|9999|高匿名|HTTP|浙江省温州市  电信|0.4秒|2021-02-11 08:31:01
175.42.158.73|9999|高匿名|HTTP|福建省南平市  联通|2秒|2021-02-11 07:31:01
118.212.104.44|9999|高匿名|HTTP|江西省新余市  联通|6秒|2021-02-11 06:31:01
175.43.178.204|9999|高匿名|HTTP|福建省泉州市  联通|2秒|2021-02-11 05:31:01
115.221.246.250|9999|高匿名|HTTP|浙江省温州市  电信|0.4秒|2021-02-11 04:31:02
117.65.47.115|9999|高匿名|HTTP|安徽省蚌埠市  电信|0.3秒|2021-02-11 03:31:01
220.249.149.202|9999|高匿名|HTTP|福建省南平市  联通|2秒|2021-02-11 02:31:01
175.42.122.251|9999|高匿名|HTTP|福建省宁德市  联通|0.7秒|2021-02-11 01:31:01
27.43.184.31|9999|高匿名|HTTP|广东省揭阳市  联通|7秒|2021-02-11 00:31:01
183.166.111.163|9999|高匿名|HTTP|安徽省淮南市  电信|0.6秒|2021-02-10 23:31:01
36.249.53.38|9999|高匿名|HTTP|福建省泉州市  联通|5秒|2021-02-10 22:31:01
113.195.19.223|9999|高匿名|HTTP|江西省九江市  联通|1秒|2021-02-10 21:31:01
113.194.132.67|9999|高匿名|HTTP|江西省宜春市  联通|1秒|2021-02-10 20:31:01
113.194.31.161|9999|高匿名|HTTP|江西省新余市  联通|1秒|2021-02-10 19:31:02
36.249.109.9|9999|高匿名|HTTP|福建省泉州市  联通|5秒|2021-02-10 18:31:01
120.83.105.142|9999|高匿名|HTTP|广东省揭阳市  联通|6秒|2021-02-10 17:31:01
112.83.171.45|9000|高匿名|HTTP|中国 江苏省 泰州市 联通|0.4秒|2021-02-10 16:31:01
113.121.65.225|9999|高匿名|HTTP|山东省淄博市  电信|0.5秒|2021-02-10 15:31:02
175.42.122.171|9999|高匿名|HTTP|福建省宁德市  联通|0.6秒|2021-02-10 14:31:01
182.46.84.68|9999|高匿名|HTTP|山东省淄博市  电信|0.5秒|2021-02-10 13:31:01
123.169.116.114|9999|高匿名|HTTP|山东省淄博市  电信|1秒|2021-02-10 12:31:02
118.212.106.118|9999|高匿名|HTTP|江西省新余市  联通|0.6秒|2021-02-10 11:31:01
123.149.38.143|9999|高匿名|HTTP|河南省郑州市  电信|0.5秒|2021-02-10 10:31:02
140.255.191.81|9999|高匿名|HTTP|中国 山东省 淄博市 电信|0.5秒|2021-02-10 09:31:01
49.89.85.21|9999|高匿名|HTTP|江苏省宿迁市  电信|0.5秒|2021-02-10 08:31:01
220.249.149.178|9999|高匿名|HTTP|福建省南平市  联通|3秒|2021-02-10 07:31:01
175.43.32.51|9999|高匿名|HTTP|福建省泉州市  联通|0.6秒|2021-02-10 06:31:01
175.42.123.143|9999|高匿名|HTTP|福建省宁德市  联通|0.6秒|2021-02-10 05:31:02
110.243.31.241|9999|高匿名|HTTP|河北省唐山市  联通|0.5秒|2021-02-10 04:31:01
113.121.65.132|9999|高匿名|HTTP|山东省淄博市  电信|3秒|2021-02-10 03:31:01
175.42.122.92|9999|高匿名|HTTP|福建省宁德市  联通|3秒|2021-02-10 02:31:01
175.44.109.19|9999|高匿名|HTTP|福建省南平市  联通|0.8秒|2021-02-10 01:31:01
36.249.52.25|9999|高匿名|HTTP|福建省泉州市  联通|4秒|2021-02-10 00:31:01
223.242.225.236|9999|高匿名|HTTP|安徽省淮南市  电信|3秒|2021-02-09 23:31:02
175.43.57.44|9999|高匿名|HTTP|福建省泉州市  联通|2秒|2021-02-09 22:31:02
171.35.161.201|9999|高匿名|HTTP|江西省宜春市  联通|0.7秒|2021-02-09 21:31:01
171.35.220.233|9999|高匿名|HTTP|江西省新余市  联通|7秒|2021-02-09 20:31:01
175.42.68.53|9999|高匿名|HTTP|福建省宁德市  联通|4秒|2021-02-09 19:31:01
115.53.18.112|9999|高匿名|HTTP|河南省濮阳市  联通|3秒|2021-02-09 18:31:02
175.43.131.143|9999|高匿名|HTTP|福建省泉州市  联通|3秒|2021-02-09 17:31:01
175.43.35.40|9999|高匿名|HTTP|福建省泉州市  联通|3秒|2021-02-09 16:31:01
36.248.132.59|9999|高匿名|HTTP|福建省宁德市  联通|2秒|2021-02-09 15:31:01
175.42.68.179|9999|高匿名|HTTP|福建省宁德市  联通|2秒|2021-02-09 14:31:01
175.42.158.73|9999|高匿名|HTTP|福建省南平市  联通|1秒|2021-02-09 13:31:01
113.121.20.178|9999|高匿名|HTTP|山东省烟台市  电信|7秒|2021-02-09 12:31:01
182.46.100.66|9999|高匿名|HTTP|山东省济南市  电信|2秒|2021-02-09 11:31:01
117.91.253.15|9999|高匿名|HTTP|江苏省扬州市  电信|0.5秒|2021-02-09 10:31:02
171.35.223.212|9999|高匿名|HTTP|江西省新余市  联通|1秒|2021-02-09 09:31:01
113.124.93.78|9999|高匿名|HTTP|山东省烟台市  电信|0.5秒|2021-02-09 08:31:01
182.34.32.175|9999|高匿名|HTTP|山东省烟台市  电信|0.4秒|2021-02-09 07:31:01
175.42.68.155|9999|高匿名|HTTP|福建省宁德市  联通|1秒|2021-02-09 06:31:01
115.221.245.239|9999|高匿名|HTTP|浙江省温州市  电信|3秒|2021-02-09 05:31:01
175.43.155.4|9999|高匿名|HTTP|福建省泉州市  联通|1秒|2021-02-09 04:31:01
175.42.128.64|9999|高匿名|HTTP|福建省南平市  联通|1秒|2021-02-09 03:31:01
175.43.151.252|9999|高匿名|HTTP|福建省泉州市  联通|1秒|2021-02-09 02:31:02
119.108.170.235|9000|高匿名|HTTP|辽宁省沈阳市  联通|0.5秒|2021-02-09 01:31:01
175.42.122.14|9999|高匿名|HTTP|福建省宁德市  联通|0.9秒|2021-02-09 00:31:01
36.248.132.137|9999|高匿名|HTTP|福建省宁德市  联通|3秒|2021-02-08 23:31:01
175.43.33.52|9999|高匿名|HTTP|福建省泉州市  联通|0.7秒|2021-02-08 22:31:01
175.42.129.45|9999|高匿名|HTTP|福建省南平市  联通|0.7秒|2021-02-08 21:31:01
36.248.132.162|9999|高匿名|HTTP|福建省宁德市  联通|1秒|2021-02-08 20:31:02
113.121.46.146|9999|高匿名|HTTP|山东省烟台市  电信|1秒|2021-02-08 19:31:01
114.104.129.40|9999|高匿名|HTTP|安徽省黄山市  电信|3秒|2021-02-08 18:31:01
175.42.122.91|9999|高匿名|HTTP|福建省宁德市  联通|4秒|2021-02-08 17:31:01
113.124.95.247|9999|高匿名|HTTP|山东省烟台市  电信|0.6秒|2021-02-08 16:31:01
183.166.139.127|9999|高匿名|HTTP|安徽省黄山市  电信|0.4秒|2021-02-08 15:31:01
115.221.246.62|9999|高匿名|HTTP|浙江省温州市  电信|0.4秒|2021-02-08 14:31:01
113.232.4.105|9000|高匿名|HTTP|辽宁省沈阳市  联通|0.6秒|2021-02-08 13:31:01
36.248.133.236|9999|高匿名|HTTP|福建省宁德市  联通|0.7秒|2021-02-08 12:31:01
113.194.31.27|9999|高匿名|HTTP|江西省新余市  联通|2秒|2021-02-08 11:31:01
140.255.187.124|9999|高匿名|HTTP|山东省淄博市  电信|0.5秒|2021-02-08 10:31:01
175.43.56.57|9999|高匿名|HTTP|福建省泉州市  联通|1秒|2021-02-08 09:31:01
36.248.132.71|9999|高匿名|HTTP|福建省宁德市  联通|0.6秒|2021-02-08 08:31:01
121.232.194.251|9000|高匿名|HTTP|中国 江苏省 镇江市 电信|0.4秒|2021-02-08 07:31:01
175.42.158.211|9999|高匿名|HTTP|福建省南平市  联通|4秒|2021-02-08 06:31:01
171.35.148.115|9999|高匿名|HTTP|江西省抚州市  联通|0.6秒|2021-02-08 05:31:01
36.249.48.37|9999|高匿名|HTTP|福建省泉州市  联通|7秒|2021-02-08 04:31:01
182.46.121.129|9999|高匿名|HTTP|山东省济宁市  电信|0.5秒|2021-02-08 03:31:01
117.69.12.224|9999|高匿名|HTTP|安徽省淮南市  电信|0.4秒|2021-02-08 02:31:01
175.43.58.37|9999|高匿名|HTTP|福建省泉州市  联通|1秒|2021-02-08 01:31:01
175.43.32.33|9999|高匿名|HTTP|福建省泉州市  联通|4秒|2021-02-08 00:31:02
117.91.254.188|9999|高匿名|HTTP|江苏省扬州市  电信|0.5秒|2021-02-07 23:31:01
175.43.56.57|9999|高匿名|HTTP|福建省泉州市  联通|1秒|2021-02-07 22:31:01
123.169.114.16|9999|高匿名|HTTP|山东省淄博市  电信|0.4秒|2021-02-07 21:31:01
121.233.207.74|9999|高匿名|HTTP|江苏省扬州市  电信|4秒|2021-02-07 20:31:01
117.91.255.228|9999|高匿名|HTTP|江苏省扬州市  电信|3秒|2021-02-07 19:31:01
113.195.16.62|9999|高匿名|HTTP|江西省九江市  联通|0.7秒|2021-02-07 18:31:01
171.15.65.168|9999|高匿名|HTTP|河南省商丘市  电信|0.5秒|2021-02-07 17:31:01
113.121.70.204|9999|高匿名|HTTP|山东省淄博市  电信|4秒|2021-02-07 16:31:01
113.124.94.188|9999|高匿名|HTTP|山东省烟台市  电信|0.5秒|2021-02-07 15:31:01
171.35.213.29|9999|高匿名|HTTP|江西省新余市  联通|0.6秒|2021-02-07 14:31:01
114.239.150.30|9999|高匿名|HTTP|江苏省宿迁市  电信|2秒|2021-02-07 13:31:02
115.221.244.205|9999|高匿名|HTTP|浙江省温州市  电信|0.5秒|2021-02-07 12:31:02
119.108.180.150|9000|高匿名|HTTP|辽宁省沈阳市  联通|1秒|2021-02-07 11:31:01
123.149.39.239|9999|高匿名|HTTP|河南省郑州市  电信|0.5秒|2021-02-07 10:31:01
183.166.110.117|9999|高匿名|HTTP|安徽省淮南市  电信|0.3秒|2021-02-07 09:31:01
123.101.231.184|9999|高匿名|HTTP|河南省商丘市  电信|0.6秒|2021-02-07 08:31:01
123.169.123.66|9999|高匿名|HTTP|山东省淄博市  电信|1秒|2021-02-07 07:31:01
175.43.142.222|9999|高匿名|HTTP|福建省泉州市  联通|0.7秒|2021-02-07 06:31:01
113.121.65.71|9999|高匿名|HTTP|山东省淄博市  电信|3秒|2021-02-07 05:31:01
123.54.40.34|9999|高匿名|HTTP|河南省商丘市  电信|0.5秒|2021-02-07 04:31:02
171.35.210.93|9999|高匿名|HTTP|江西省新余市  联通|2秒|2021-02-07 03:31:01
117.69.178.190|9999|高匿名|HTTP|安徽省黄山市  电信|0.6秒|2021-02-07 02:31:01
112.111.217.171|9999|高匿名|HTTP|福建省宁德市  联通|2秒|2021-02-07 01:31:01
121.232.148.245|9000|高匿名|HTTP|江苏省镇江市  电信|2秒|2021-02-07 00:31:01
115.221.242.46|9999|高匿名|HTTP|浙江省温州市  电信|6秒|2021-02-06 23:31:01
42.238.86.72|9999|高匿名|HTTP|河南省濮阳市  联通|0.5秒|2021-02-06 22:31:01
123.169.114.106|9999|高匿名|HTTP|山东省淄博市  电信|0.6秒|2021-02-06 21:31:01
110.243.13.207|9999|高匿名|HTTP|河北省唐山市  联通|0.5秒|2021-02-06 20:31:01
222.189.190.157|9999|高匿名|HTTP|江苏省扬州市  电信|0.4秒|2021-02-06 19:31:01
113.124.93.200|9999|高匿名|HTTP|山东省烟台市  电信|0.7秒|2021-02-06 18:31:01
182.34.37.212|9999|高匿名|HTTP|山东省烟台市  电信|3秒|2021-02-06 17:31:01
113.195.165.96|9999|高匿名|HTTP|中国 江西省 宜春市 联通|0.6秒|2021-02-06 16:31:02
115.221.242.101|9999|高匿名|HTTP|浙江省温州市  电信|4秒|2021-02-06 15:31:02
183.166.162.226|9999|高匿名|HTTP|安徽省黄山市  电信|0.3秒|2021-02-06 14:31:01
110.243.10.122|9999|高匿名|HTTP|河北省唐山市  联通|0.4秒|2021-02-06 13:31:01
175.42.68.178|9999|高匿名|HTTP|福建省宁德市  联通|0.7秒|2021-02-06 12:31:01
182.34.32.240|9999|高匿名|HTTP|山东省烟台市  电信|0.5秒|2021-02-06 11:31:01
115.221.247.121|9999|高匿名|HTTP|浙江省温州市  电信|0.4秒|2021-02-06 10:31:01
119.108.183.216|9000|高匿名|HTTP|辽宁省沈阳市  联通|0.5秒|2021-02-06 09:31:01
113.195.169.77|9999|高匿名|HTTP|江西省宜春市  联通|2秒|2021-02-06 08:31:01
175.42.68.153|9999|高匿名|HTTP|福建省宁德市  联通|0.7秒|2021-02-06 07:31:01
113.195.21.205|9999|高匿名|HTTP|江西省九江市  联通|0.6秒|2021-02-06 06:31:01
182.34.37.74|9999|高匿名|HTTP|山东省烟台市  电信|0.5秒|2021-02-06 05:31:01
175.42.158.80|9999|高匿名|HTTP|福建省南平市  联通|0.6秒|2021-02-06 04:31:01
115.221.244.16|9999|高匿名|HTTP|浙江省温州市  电信|0.5秒|2021-02-06 03:31:01
114.239.147.112|9999|高匿名|HTTP|江苏省宿迁市  电信|0.4秒|2021-02-06 02:31:01
115.221.246.203|9999|高匿名|HTTP|浙江省温州市  电信|0.6秒|2021-02-06 01:31:01
175.43.34.59|9999|高匿名|HTTP|福建省泉州市  联通|1秒|2021-02-06 00:31:01
27.43.188.187|9999|高匿名|HTTP|广东省揭阳市  联通|3秒|2021-02-05 23:31:01
115.221.245.4|9999|高匿名|HTTP|浙江省温州市  电信|0.8秒|2021-02-05 22:31:01
113.124.85.201|9999|高匿名|HTTP|山东省烟台市  电信|0.6秒|2021-02-05 21:31:01
171.35.222.42|9999|高匿名|HTTP|江西省新余市  联通|5秒|2021-02-05 20:31:02
112.111.217.243|9999|高匿名|HTTP|福建省宁德市  联通|2秒|2021-02-05 19:31:01
175.42.68.184|9999|高匿名|HTTP|福建省宁德市  联通|3秒|2021-02-05 18:31:01
110.243.8.236|9999|高匿名|HTTP|河北省唐山市  联通|1.0秒|2021-02-05 17:31:01
222.189.191.97|9999|高匿名|HTTP|江苏省扬州市  电信|3秒|2021-02-05 16:31:01
36.249.109.45|9999|高匿名|HTTP|福建省泉州市  联通|6秒|2021-02-05 15:31:01
121.232.148.139|9000|高匿名|HTTP|江苏省镇江市  电信|1秒|2021-02-05 14:31:01
113.194.128.171|9999|高匿名|HTTP|江西省宜春市  联通|3秒|2021-02-05 13:31:01
123.54.52.83|9999|高匿名|HTTP|河南省商丘市  电信|0.5秒|2021-02-05 12:31:01
175.42.123.52|9999|高匿名|HTTP|福建省宁德市  联通|3秒|2021-02-05 11:31:01
113.194.137.189|9999|高匿名|HTTP|江西省宜春市  联通|0.7秒|2021-02-05 10:31:01
121.226.214.185|9999|高匿名|HTTP|中国 江苏省 宿迁市 电信|0.3秒|2021-02-05 09:31:01
113.195.167.47|9999|高匿名|HTTP|江西省宜春市  联通|0.8秒|2021-02-05 08:31:01
182.46.122.207|9999|高匿名|HTTP|山东省菏泽市  电信|0.8秒|2021-02-05 07:31:01
118.212.107.160|9999|高匿名|HTTP|江西省新余市  联通|3秒|2021-02-05 06:31:01
36.248.133.130|9999|高匿名|HTTP|福建省宁德市  联通|3秒|2021-02-05 05:31:01
175.42.158.79|9999|高匿名|HTTP|福建省南平市  联通|2秒|2021-02-05 04:31:01
121.232.199.123|9000|高匿名|HTTP|江苏省镇江市  电信|0.3秒|2021-02-05 03:31:01
113.195.165.68|9999|高匿名|HTTP|江西省宜春市  联通|5秒|2021-02-05 02:31:01
182.46.101.208|9999|高匿名|HTTP|山东省淄博市  电信|0.7秒|2021-02-05 01:31:01
121.233.227.1|9999|高匿名|HTTP|江苏省扬州市  电信|0.6秒|2021-02-05 00:31:01
175.42.123.220|9999|高匿名|HTTP|福建省宁德市  联通|0.4秒|2021-02-04 23:31:01
114.239.144.121|9999|高匿名|HTTP|江苏省宿迁市  电信|0.5秒|2021-02-04 22:31:01
36.248.132.10|9999|高匿名|HTTP|福建省宁德市  联通|3秒|2021-02-04 21:31:01
175.42.122.79|9999|高匿名|HTTP|福建省宁德市  联通|2秒|2021-02-04 20:31:01
175.43.56.12|9999|高匿名|HTTP|福建省泉州市  联通|0.8秒|2021-02-04 19:31:01
171.35.167.160|9999|高匿名|HTTP|江西省宜春市  联通|0.6秒|2021-02-04 18:31:01
113.194.136.211|9999|高匿名|HTTP|江西省宜春市  联通|0.6秒|2021-02-04 17:31:01
175.43.59.11|9999|高匿名|HTTP|福建省泉州市  联通|1秒|2021-02-04 16:31:01
183.166.103.89|9999|高匿名|HTTP|安徽省淮南市  电信|1秒|2021-02-04 15:31:01
27.43.191.107|9999|高匿名|HTTP|广东省揭阳市  联通|0.9秒|2021-02-04 14:31:01
36.57.76.84|9999|高匿名|HTTP|安徽省黄山市  电信|0.4秒|2021-02-04 13:31:01
180.119.83.49|9999|高匿名|HTTP|江苏省扬州市  电信|0.4秒|2021-02-04 12:31:01
117.68.195.232|1133|高匿名|HTTP|安徽省合肥市  电信|0.6秒|2021-02-04 11:31:02
113.195.233.162|9999|高匿名|HTTP|江西省新余市  联通|0.6秒|2021-02-04 10:31:01
117.69.13.96|9999|高匿名|HTTP|安徽省淮南市  电信|0.3秒|2021-02-04 09:31:02
110.243.13.94|9999|高匿名|HTTP|河北省唐山市  联通|0.4秒|2021-02-04 08:31:01
106.110.200.107|9999|高匿名|HTTP|江苏省宿迁市  电信|0.3秒|2021-02-04 07:31:01
103.249.100.152|80|透明|HTTP|越南 胡志明市|0.7秒|2021-03-06 21:31:01
118.163.13.200|8080|透明|HTTP|中国 台湾 cht.com.tw|8秒|2021-03-06 20:31:01
101.36.160.87|3128|透明|HTTP|北京市北京市  电信|1秒|2021-03-06 19:31:01
113.161.58.255|8080|透明|HTTP|越南 胡志明市|3秒|2021-03-06 18:31:02
101.36.160.87|3128|透明|HTTP|北京市北京市  电信|4秒|2021-03-06 17:31:01
123.139.56.238|9999|透明|HTTP|中国 陕西省 西安市 联通|7秒|2021-03-06 16:31:01
210.61.240.158|8080|透明|HTTP|中国 台湾 高雄市|5秒|2021-03-06 15:31:01
27.191.234.69|9999|透明|HTTP|中国 河北省 唐山市 电信|5秒|2021-03-06 14:31:02
203.189.89.153|8080|透明|HTTP|中国 广东 揭阳 联通|9秒|2021-03-06 13:31:01
210.61.240.162|8080|透明|HTTP|中国 台湾 高雄市|6秒|2021-03-06 12:31:01
190.122.186.201|8080|透明|HTTP|中国 广东 揭阳 联通|8秒|2021-03-06 11:31:01
101.36.160.87|3128|透明|HTTP|北京市北京市  电信|3秒|2021-03-06 10:31:01
103.249.100.152|80|透明|HTTP|越南 胡志明市|3秒|2021-03-06 09:31:01
125.124.26.98|3128|透明|HTTP|浙江省嘉兴市  电信|1秒|2021-03-06 08:31:01
112.47.3.53|3128|透明|HTTP|福建省泉州市  移动|8秒|2021-03-06 07:31:01
115.171.202.38|9000|透明|HTTP|中国 北京 北京 电信|4秒|2021-03-06 06:31:01
58.249.55.222|9797|透明|HTTP|广东省广州市  联通|1秒|2021-03-06 05:31:01
58.249.55.222|9797|透明|HTTP|广东省广州市  联通|0.4秒|2021-03-06 04:31:01
114.249.117.178|9000|透明|HTTP|中国 北京 北京 联通|0.3秒|2021-03-06 03:31:01
115.171.202.38|9000|透明|HTTP|中国 北京 北京 电信|1秒|2021-03-06 02:31:01
221.5.80.66|3128|透明|HTTP|广东省肇庆市  联通|5秒|2021-03-06 01:31:02
190.122.186.222|8080|透明|HTTP|中国 广东 揭阳 联通|7秒|2021-03-06 00:31:01
190.122.186.222|8080|透明|HTTP|中国 广东 揭阳 联通|0.8秒|2021-03-05 23:31:01
43.243.166.223|8080|透明|HTTP|中国 香港|8秒|2021-03-05 22:31:01
203.189.89.153|8080|透明|HTTP|中国 广东 揭阳 联通|3秒|2021-03-05 21:31:01
61.220.204.25|3128|透明|HTTP|中国 台湾 cht.com.tw|6秒|2021-03-05 20:31:01
38.91.100.171|3128|透明|HTTP|美国 纽约 纽约市|5秒|2021-03-05 19:31:02
119.23.238.202|3128|透明|HTTP|广东省深圳市 阿里云计算有限公司 阿里云|2秒|2021-03-05 18:31:01
117.141.155.243|53281|透明|HTTP|中国 广西壮族自治区 南宁市 移动|2秒|2021-03-05 17:31:01
125.124.26.98|3128|透明|HTTP|浙江省嘉兴市  电信|5秒|2021-03-05 16:31:01
190.122.186.229|8080|透明|HTTP|中国 广东 揭阳 联通|4秒|2021-03-05 15:31:01
43.243.166.222|8080|透明|HTTP|中国 香港|6秒|2021-03-05 14:31:01
210.61.240.162|8080|透明|HTTP|中国 台湾 高雄市|4秒|2021-03-05 13:31:01
103.249.100.152|80|透明|HTTP|越南 胡志明市|1秒|2021-03-05 12:31:01
183.3.218.34|8080|透明|HTTP|广东省深圳市  电信|3秒|2021-03-05 11:31:01
123.57.210.164|3128|透明|HTTP|北京市北京市  阿里云|3秒|2021-03-05 10:31:01
190.122.186.222|8080|透明|HTTP|中国 广东 揭阳 联通|7秒|2021-03-05 09:31:01
210.61.240.162|8080|透明|HTTP|中国 台湾 高雄市|4秒|2021-03-05 08:31:01
103.249.100.152|80|透明|HTTP|越南 胡志明市|8秒|2021-03-05 07:31:02
61.220.204.25|3128|透明|HTTP|中国 台湾 cht.com.tw|3秒|2021-03-05 06:31:01
190.122.186.201|8080|透明|HTTP|中国 广东 揭阳 联通|1秒|2021-03-05 05:31:01
114.249.117.178|9000|透明|HTTP|中国 北京 北京 联通|3秒|2021-03-05 04:31:01
36.112.139.146|3128|透明|HTTP|北京市  电信|8秒|2021-03-05 03:31:01
163.125.68.96|8888|透明|HTTP|广东省深圳市  联通|0.6秒|2021-03-05 02:31:01
113.161.58.255|8080|透明|HTTP|越南 胡志明市|4秒|2021-03-05 01:31:01
124.232.133.199|3128|透明|HTTP|湖南省长沙市 高新区麓谷电信机房 电信|0.8秒|2021-03-05 00:31:01
43.243.166.222|8080|透明|HTTP|中国 香港|5秒|2021-03-04 23:31:02
117.65.47.142|9999|透明|HTTP|中国 安徽省 蚌埠市 电信|0.4秒|2021-03-04 22:31:01
114.249.117.178|9000|透明|HTTP|中国 北京 北京 联通|3秒|2021-03-04 21:31:01
123.57.210.164|3128|透明|HTTP|北京市北京市  阿里云|3秒|2021-03-04 20:31:01
14.161.10.191|8080|透明|HTTP|越南 胡志明市|6秒|2021-03-04 19:31:01
103.249.100.152|80|透明|HTTP|越南 胡志明市|7秒|2021-03-04 18:31:01
47.56.9.58|3128|透明|HTTP|中国 香港 阿里云|6秒|2021-03-04 17:31:01
43.243.166.221|8080|透明|HTTP|中国 香港|7秒|2021-03-04 16:31:02
124.232.133.199|3128|透明|HTTP|湖南省长沙市 高新区麓谷电信机房 电信|3秒|2021-03-04 15:31:01
119.57.156.90|53281|透明|HTTP|中国 北京市 北京市 联通|3秒|2021-03-04 14:31:01
103.249.100.152|80|透明|HTTP|越南 胡志明市|5秒|2021-03-04 13:31:01
14.161.10.191|8080|透明|HTTP|越南 胡志明市|6秒|2021-03-04 12:31:01
124.232.133.199|3128|透明|HTTP|湖南省长沙市 高新区麓谷电信机房 电信|1秒|2021-03-04 11:31:02
58.246.3.178|53281|透明|HTTP|上海市上海市  联通|7秒|2021-03-04 10:31:02
125.124.26.98|3128|透明|HTTP|浙江省嘉兴市  电信|3秒|2021-03-04 09:31:01
123.139.56.238|9999|透明|HTTP|中国 陕西省 西安市 联通|5秒|2021-03-04 08:31:01
210.61.240.162|8080|透明|HTTP|中国 台湾 高雄市|8秒|2021-03-04 07:31:01
119.23.238.202|3128|透明|HTTP|广东省深圳市 阿里云计算有限公司 阿里云|2秒|2021-03-04 06:31:01
38.91.100.171|3128|透明|HTTP|美国 纽约 纽约市|5秒|2021-03-04 05:31:01
121.199.76.16|8091|透明|HTTP|浙江省杭州市 阿里云计算有限公司 阿里云|7秒|2021-03-04 04:31:02
183.247.152.98|53281|透明|HTTP|中国 浙江省 杭州市 移动|3秒|2021-03-04 03:31:02
121.199.76.16|8091|透明|HTTP|浙江省杭州市 阿里云计算有限公司 阿里云|0.8秒|2021-03-04 02:31:01
36.112.139.146|3128|透明|HTTP|北京市  电信|7秒|2021-03-04 01:31:01
47.56.9.58|3128|透明|HTTP|中国 香港 阿里云|5秒|2021-03-04 00:31:01
118.163.13.200|8080|透明|HTTP|中国 台湾 cht.com.tw|3秒|2021-03-03 23:31:01
210.61.240.158|8080|透明|HTTP|中国 台湾 高雄市|4秒|2021-03-03 22:31:01
103.249.100.152|80|透明|HTTP|越南 胡志明市|4秒|2021-03-03 21:31:01
190.122.186.222|8080|透明|HTTP|中国 广东 揭阳 联通|2秒|2021-03-03 20:31:01
183.3.218.34|8080|透明|HTTP|广东省深圳市  电信|5秒|2021-03-03 19:31:02
14.155.112.126|9000|透明|HTTP|中国 广东省 深圳市 电信|0.5秒|2021-03-03 18:31:02
123.139.56.238|9999|透明|HTTP|中国 陕西省 西安市 联通|4秒|2021-03-03 17:31:01
203.189.89.153|8080|透明|HTTP|中国 广东 揭阳 联通|4秒|2021-03-03 16:31:01
163.125.19.215|8888|透明|HTTP|广东省深圳市  联通|4秒|2021-03-03 15:31:01
61.220.204.25|3128|透明|HTTP|中国 台湾 cht.com.tw|3秒|2021-03-03 14:31:01
27.191.234.69|9999|透明|HTTP|中国 河北省 唐山市 电信|6秒|2021-03-03 13:31:01
117.141.155.243|53281|透明|HTTP|中国 广西壮族自治区 南宁市 移动|1秒|2021-03-03 12:31:02
121.199.76.16|8091|透明|HTTP|浙江省杭州市 阿里云计算有限公司 阿里云|5秒|2021-03-03 11:31:02
119.23.238.202|3128|透明|HTTP|广东省深圳市 阿里云计算有限公司 阿里云|3秒|2021-03-03 10:31:01
124.205.155.158|9090|透明|HTTP|中国 北京市 北京市 鹏博士|4秒|2021-03-03 09:31:01
124.232.133.199|3128|透明|HTTP|湖南省长沙市 高新区麓谷电信机房 电信|3秒|2021-03-03 08:31:02
119.57.156.90|53281|透明|HTTP|中国 北京市 北京市 联通|4秒|2021-03-03 07:31:01
124.232.133.199|3128|透明|HTTP|湖南省长沙市 高新区麓谷电信机房 电信|2秒|2021-03-03 06:31:01
183.247.152.98|53281|透明|HTTP|中国 浙江省 杭州市 移动|4秒|2021-03-03 05:31:01
125.46.0.62|53281|透明|HTTP|河南省济源市  联通|4秒|2021-03-03 04:31:01
210.61.240.162|8080|透明|HTTP|中国 台湾 高雄市|4秒|2021-03-03 03:31:01
58.246.3.178|53281|透明|HTTP|上海市上海市  联通|2秒|2021-03-03 02:31:01
118.163.13.200|8080|透明|HTTP|中国 台湾 cht.com.tw|3秒|2021-03-03 01:31:01
118.163.13.200|8080|透明|HTTP|中国 台湾 cht.com.tw|4秒|2021-03-03 00:31:01
210.61.240.158|8080|透明|HTTP|中国 台湾 高雄市|5秒|2021-03-02 23:31:01
60.191.11.251|3128|透明|HTTP|浙江省杭州市  电信|3秒|2021-03-02 22:31:01
218.66.253.146|8800|透明|HTTP|中国 福建省 莆田市 电信|0.6秒|2021-03-02 21:31:02
124.205.155.146|9090|透明|HTTP|中国 北京市 北京市 鹏博士|9秒|2021-03-02 20:31:01
43.243.166.221|8080|透明|HTTP|中国 香港|0.6秒|2021-03-02 19:31:01
43.243.166.222|8080|透明|HTTP|中国 香港|6秒|2021-03-02 18:31:01
43.243.166.223|8080|透明|HTTP|中国 香港|5秒|2021-03-02 17:31:01
47.56.9.58|3128|透明|HTTP|中国 香港 阿里云|5秒|2021-03-02 16:31:01
183.3.218.34|8080|透明|HTTP|广东省深圳市  电信|5秒|2021-03-02 15:31:01
14.155.112.126|9000|透明|HTTP|中国 广东省 深圳市 电信|4秒|2021-03-02 14:31:01
58.249.55.222|9797|透明|HTTP|广东省广州市  联通|1秒|2021-03-02 13:31:01
190.122.186.218|8080|透明|HTTP|中国 广东 揭阳 联通|0.9秒|2021-03-02 12:31:01
58.249.55.222|9797|透明|HTTP|广东省广州市  联通|4秒|2021-03-02 11:31:01
221.226.94.218|110|透明|HTTP|江苏省南京市  电信|6秒|2021-03-02 10:31:01
221.226.94.218|110|透明|HTTP|江苏省南京市  电信|3秒|2021-03-02 09:31:02
103.249.100.152|80|透明|HTTP|越南 胡志明市|4秒|2021-03-02 08:31:01
210.61.240.158|8080|透明|HTTP|中国 台湾 高雄市|3秒|2021-03-02 07:31:01
125.124.26.98|3128|透明|HTTP|浙江省嘉兴市  电信|1秒|2021-03-02 06:31:01
124.205.155.147|9090|透明|HTTP|北京市北京市  鹏博士宽带|6秒|2021-03-02 05:31:01
38.91.100.171|3128|透明|HTTP|美国 纽约 纽约市|5秒|2021-03-02 04:31:01
125.46.0.62|53281|透明|HTTP|河南省济源市  联通|3秒|2021-03-02 03:31:01
14.161.10.191|8080|透明|HTTP|越南 胡志明市|2秒|2021-03-02 02:31:01
47.56.9.58|3128|透明|HTTP|中国 香港 阿里云|1秒|2021-03-02 01:31:02
210.61.240.162|8080|透明|HTTP|中国 台湾 高雄市|7秒|2021-03-02 00:31:01
59.38.60.210|9797|透明|HTTP|中国 广东 珠海 电信|6秒|2021-03-01 23:31:01
210.61.240.158|8080|透明|HTTP|中国 台湾 高雄市|5秒|2021-03-01 22:31:01
123.57.210.164|3128|透明|HTTP|北京市北京市  阿里云|7秒|2021-03-01 21:31:01
124.205.155.146|9090|透明|HTTP|中国 北京市 北京市 鹏博士|8秒|2021-03-01 20:31:01
58.249.55.222|9797|透明|HTTP|广东省广州市  联通|4秒|2021-03-01 19:31:01
121.69.10.62|9090|透明|HTTP|中国 北京市 北京市 鹏博士|5秒|2021-03-01 18:31:02
119.23.238.202|3128|透明|HTTP|广东省深圳市 阿里云计算有限公司 阿里云|6秒|2021-03-01 17:31:01
124.205.155.155|9090|透明|HTTP|北京市北京市  鹏博士宽带|8秒|2021-03-01 16:31:02
190.122.186.218|8080|透明|HTTP|中国 广东 揭阳 联通|2秒|2021-03-01 15:31:01
125.124.26.98|3128|透明|HTTP|浙江省嘉兴市  电信|0.4秒|2021-03-01 14:31:01
59.38.60.210|9797|透明|HTTP|中国 广东 珠海 电信|3秒|2021-03-01 13:31:01
124.205.155.153|9090|透明|HTTP|中国 北京市 北京市 鹏博士|5秒|2021-03-01 12:31:01
43.243.166.222|8080|透明|HTTP|中国 香港|1.0秒|2021-03-01 11:31:01
190.122.186.218|8080|透明|HTTP|中国 广东 揭阳 联通|4秒|2021-03-01 10:31:01
58.247.127.145|53281|透明|HTTP|中国 上海市 上海市 联通|2秒|2021-03-01 09:31:01
61.220.204.25|3128|透明|HTTP|中国 台湾 cht.com.tw|2秒|2021-03-01 08:31:02
210.61.240.158|8080|透明|HTTP|中国 台湾 高雄市|3秒|2021-03-01 07:31:02
27.191.234.69|9999|透明|HTTP|中国 河北省 唐山市 电信|6秒|2021-03-01 06:31:01
210.61.240.158|8080|透明|HTTP|中国 台湾 高雄市|1秒|2021-03-01 05:31:01
183.247.152.98|53281|透明|HTTP|中国 浙江省 杭州市 移动|1秒|2021-03-01 04:31:01
125.46.0.62|53281|透明|HTTP|河南省济源市  联通|8秒|2021-03-01 03:31:01
116.66.197.228|8080|透明|HTTP|中国 广东 揭阳 联通|4秒|2021-03-01 02:31:01
27.191.234.69|9999|透明|HTTP|中国 河北省 唐山市 电信|6秒|2021-03-01 01:31:01
221.5.80.66|3128|透明|HTTP|广东省肇庆市  联通|0.5秒|2021-03-01 00:31:01
203.189.89.153|8080|透明|HTTP|中国 广东 揭阳 联通|1秒|2021-02-28 23:31:01
43.243.166.222|8080|透明|HTTP|中国 香港|5秒|2021-02-28 22:31:01
221.226.94.218|110|透明|HTTP|江苏省南京市  电信|3秒|2021-02-28 21:31:01
43.243.166.221|8080|透明|HTTP|中国 香港|7秒|2021-02-28 20:31:01
60.191.11.251|3128|透明|HTTP|浙江省杭州市  电信|1秒|2021-02-28 19:31:01
190.122.186.229|8080|透明|HTTP|中国 广东 揭阳 联通|6秒|2021-02-28 18:31:01
210.61.240.162|8080|透明|HTTP|中国 台湾 高雄市|8秒|2021-02-28 17:31:01
27.191.234.69|9999|透明|HTTP|中国 河北省 唐山市 电信|7秒|2021-02-28 16:31:01
190.122.186.222|8080|透明|HTTP|中国 广东 揭阳 联通|7秒|2021-02-28 15:31:01
38.91.100.171|3128|透明|HTTP|美国 纽约 纽约市|3秒|2021-02-28 14:31:01
113.161.58.255|8080|透明|HTTP|越南 胡志明市|7秒|2021-02-28 13:31:01
210.61.240.162|8080|透明|HTTP|中国 台湾 高雄市|2秒|2021-02-28 12:31:01
123.139.56.238|9999|透明|HTTP|中国 陕西省 西安市 联通|4秒|2021-02-28 11:31:01
125.46.0.62|53281|透明|HTTP|河南省济源市  联通|0.5秒|2021-02-28 10:31:01
190.122.186.199|8080|透明|HTTP|中国 广东 揭阳 联通|6秒|2021-02-28 09:31:01
123.57.210.164|3128|透明|HTTP|北京市北京市  阿里云|4秒|2021-02-28 08:31:01
183.3.218.34|8080|透明|HTTP|广东省深圳市  电信|3秒|2021-02-28 07:31:01
124.232.133.199|3128|透明|HTTP|湖南省长沙市 高新区麓谷电信机房 电信|5秒|2021-02-28 06:31:01
124.232.133.199|3128|透明|HTTP|湖南省长沙市 高新区麓谷电信机房 电信|2秒|2021-02-28 05:31:01
47.56.9.58|3128|透明|HTTP|中国 香港 阿里云|4秒|2021-02-28 04:31:01
38.91.100.122|3128|透明|HTTP|美国 纽约 纽约市|5秒|2021-02-28 03:31:01
119.23.238.202|3128|透明|HTTP|广东省深圳市 阿里云计算有限公司 阿里云|6秒|2021-02-28 02:31:01
221.5.80.66|3128|透明|HTTP|广东省肇庆市  联通|7秒|2021-02-28 01:31:01
118.163.13.200|8080|透明|HTTP|中国 台湾 cht.com.tw|6秒|2021-02-28 00:31:01
43.243.166.223|8080|透明|HTTP|中国 香港|5秒|2021-02-27 23:31:01
218.66.253.146|8800|透明|HTTP|中国 福建省 莆田市 电信|0.6秒|2021-02-27 22:31:01
103.249.100.152|80|透明|HTTP|越南 胡志明市|6秒|2021-02-27 21:31:01
114.231.42.136|8888|透明|HTTP|江苏省南通市  电信|0.5秒|2021-02-27 20:31:01
123.139.56.238|9999|透明|HTTP|中国 陕西省 西安市 联通|0.5秒|2021-02-27 19:31:01
123.139.56.238|9999|透明|HTTP|中国 陕西省 西安市 联通|5秒|2021-02-27 18:31:01
125.124.26.98|3128|透明|HTTP|浙江省嘉兴市  电信|2秒|2021-02-27 17:31:01
14.161.10.191|8080|透明|HTTP|越南 胡志明市|3秒|2021-02-27 16:31:01
103.249.100.152|80|透明|HTTP|越南 胡志明市|1秒|2021-02-27 15:31:01
123.139.56.238|9999|透明|HTTP|中国 陕西省 西安市 联通|7秒|2021-02-27 14:31:01
103.249.100.152|80|透明|HTTP|越南 胡志明市|6秒|2021-02-27 13:31:01
218.66.253.146|8800|透明|HTTP|中国 福建省 莆田市 电信|0.6秒|2021-02-27 12:31:01
60.191.11.251|3128|透明|HTTP|浙江省杭州市  电信|1.0秒|2021-02-27 11:31:01
210.61.240.158|8080|透明|HTTP|中国 台湾 高雄市|3秒|2021-02-27 10:31:01
218.66.253.146|8800|透明|HTTP|中国 福建省 莆田市 电信|3秒|2021-02-27 09:31:01
117.141.155.241|53281|透明|HTTP|中国 广西壮族自治区 南宁市 移动|5秒|2021-02-27 08:31:01
123.139.56.238|9999|透明|HTTP|中国 陕西省 西安市 联通|1秒|2021-02-27 07:31:01
101.36.160.87|3128|透明|HTTP|北京市北京市  电信|3秒|2021-02-27 06:31:01
183.247.152.98|53281|透明|HTTP|中国 浙江省 杭州市 移动|5秒|2021-02-27 05:31:01
218.66.253.145|8800|透明|HTTP|中国 福建省 莆田市 电信|0.8秒|2021-02-27 04:31:01
203.189.89.153|8080|透明|HTTP|中国 广东 揭阳 联通|5秒|2021-02-27 03:31:01
101.36.160.87|3128|透明|HTTP|北京市北京市  电信|0.6秒|2021-02-27 02:31:01
58.249.55.222|9797|透明|HTTP|广东省广州市  联通|3秒|2021-02-27 01:31:01
116.66.197.228|8080|透明|HTTP|中国 广东 揭阳 联通|2秒|2021-02-27 00:31:02
61.220.204.25|3128|透明|HTTP|中国 台湾 cht.com.tw|4秒|2021-02-26 23:31:01
116.66.197.228|8080|透明|HTTP|中国 广东 揭阳 联通|4秒|2021-02-26 22:31:01
183.3.218.34|8080|透明|HTTP|广东省深圳市  电信|3秒|2021-02-26 21:31:02
43.243.166.222|8080|透明|HTTP|中国 香港|6秒|2021-02-26 20:31:01
123.139.56.238|9999|透明|HTTP|中国 陕西省 西安市 联通|4秒|2021-02-26 19:31:02
116.66.197.228|8080|透明|HTTP|中国 广东 揭阳 联通|5秒|2021-02-26 18:31:01
218.66.253.146|8800|透明|HTTP|中国 福建省 莆田市 电信|1秒|2021-02-26 17:31:01
218.66.253.145|8800|透明|HTTP|中国 福建省 莆田市 电信|1秒|2021-02-26 16:31:01
125.46.0.62|53281|透明|HTTP|河南省济源市  联通|5秒|2021-02-26 15:31:01
61.220.204.25|3128|透明|HTTP|中国 台湾 cht.com.tw|4秒|2021-02-26 14:31:01
117.141.155.244|53281|透明|HTTP|中国 广西壮族自治区 南宁市 移动|3秒|2021-02-26 13:31:01
14.161.10.191|8080|透明|HTTP|越南 胡志明市|3秒|2021-02-26 12:31:01
124.232.133.199|3128|透明|HTTP|湖南省长沙市 高新区麓谷电信机房 电信|5秒|2021-02-26 11:31:01
38.91.100.171|3128|透明|HTTP|美国 纽约 纽约市|0.4秒|2021-02-26 10:31:01
43.243.166.223|8080|透明|HTTP|中国 香港|2秒|2021-02-26 09:31:01
61.163.32.88|3128|透明|HTTP|河南省信阳市  联通|3秒|2021-02-26 08:31:01
43.243.166.221|8080|透明|HTTP|中国 香港|4秒|2021-02-26 07:31:01
61.220.204.25|3128|透明|HTTP|中国 台湾 cht.com.tw|0.5秒|2021-02-26 06:31:01
117.141.155.241|53281|透明|HTTP|中国 广西壮族自治区 南宁市 移动|4秒|2021-02-26 05:31:01
61.220.204.25|3128|透明|HTTP|中国 台湾 cht.com.tw|7秒|2021-02-26 04:31:01
61.133.87.228|55443|透明|HTTP|山东省烟台市  联通|1秒|2021-02-26 03:31:01
119.57.156.90|53281|透明|HTTP|中国 北京市 北京市 联通|6秒|2021-02-26 02:31:01
60.176.235.188|8888|透明|HTTP|中国 浙江 杭州 电信|0.7秒|2021-02-26 01:31:01
117.141.155.241|53281|透明|HTTP|中国 广西壮族自治区 南宁市 移动|5秒|2021-02-26 00:31:01
61.133.87.228|55443|透明|HTTP|山东省烟台市  联通|4秒|2021-02-25 23:31:01
124.232.133.199|3128|透明|HTTP|湖南省长沙市 高新区麓谷电信机房 电信|6秒|2021-02-25 22:31:01
43.243.166.223|8080|透明|HTTP|中国 香港|6秒|2021-02-25 21:31:01
125.46.0.62|53281|透明|HTTP|河南省济源市  联通|4秒|2021-02-25 20:31:01
116.66.197.228|8080|透明|HTTP|中国 广东 揭阳 联通|5秒|2021-02-25 19:31:01
61.220.204.25|3128|透明|HTTP|中国 台湾 cht.com.tw|1秒|2021-02-25 18:31:01
210.61.240.162|8080|透明|HTTP|中国 台湾 高雄市|3秒|2021-02-25 17:31:02
47.56.9.58|3128|透明|HTTP|中国 香港 阿里云|5秒|2021-02-25 16:31:02
183.247.152.98|53281|透明|HTTP|中国 浙江省 杭州市 移动|2秒|2021-02-25 15:31:01
14.161.10.191|8080|透明|HTTP|越南 胡志明市|3秒|2021-02-25 14:31:01
61.133.87.228|55443|透明|HTTP|山东省烟台市  联通|4秒|2021-02-25 13:31:01
27.191.234.69|9999|透明|HTTP|中国 河北省 唐山市 电信|7秒|2021-02-25 12:31:01
190.122.186.229|8080|透明|HTTP|中国 广东 揭阳 联通|4秒|2021-02-25 11:31:01
38.91.100.171|3128|透明|HTTP|美国 纽约 纽约市|1秒|2021-02-25 10:31:01
61.133.87.228|55443|透明|HTTP|山东省烟台市  联通|1秒|2021-02-25 09:31:01
210.61.240.162|8080|透明|HTTP|中国 台湾 高雄市|5秒|2021-02-25 08:31:01
43.243.166.221|8080|透明|HTTP|中国 香港|2秒|2021-02-25 07:31:01
36.112.139.146|3128|透明|HTTP|北京市  电信|3秒|2021-02-25 06:31:01
112.47.3.53|3128|透明|HTTP|福建省泉州市  移动|4秒|2021-02-25 05:31:01
124.205.155.158|9090|透明|HTTP|中国 北京市 北京市 鹏博士|7秒|2021-02-25 04:31:01
14.161.10.191|8080|透明|HTTP|越南 胡志明市|2秒|2021-02-25 03:31:01
124.205.155.150|9090|透明|HTTP|中国 北京市 北京市 鹏博士|3秒|2021-02-25 02:31:01
123.57.210.164|3128|透明|HTTP|北京市北京市  阿里云|1秒|2021-02-25 01:31:01
221.226.94.218|110|透明|HTTP|江苏省南京市  电信|3秒|2021-02-25 00:31:02
190.122.186.222|8080|透明|HTTP|中国 广东 揭阳 联通|7秒|2021-02-24 23:31:01
36.112.139.146|3128|透明|HTTP|北京市  电信|3秒|2021-02-24 22:31:01
43.243.166.223|8080|透明|HTTP|中国 香港|4秒|2021-02-24 21:31:01
43.243.166.223|8080|透明|HTTP|中国 香港|0.9秒|2021-02-24 20:31:01
60.191.11.249|3128|透明|HTTP|浙江省杭州市  电信|3秒|2021-02-24 19:31:01
14.161.10.191|8080|透明|HTTP|越南 胡志明市|7秒|2021-02-24 18:31:02
103.249.100.152|80|透明|HTTP|越南 胡志明市|6秒|2021-02-24 17:31:02
124.205.155.154|9090|透明|HTTP|中国 北京市 北京市 鹏博士|5秒|2021-02-24 16:31:02
122.224.65.197|3128|透明|HTTP|浙江省杭州市  电信|1秒|2021-02-24 15:31:01
58.249.55.222|9797|透明|HTTP|广东省广州市  联通|4秒|2021-02-24 14:31:01
61.133.87.228|55443|透明|HTTP|山东省烟台市  联通|5秒|2021-02-24 13:31:01
183.3.218.34|8080|透明|HTTP|广东省深圳市  电信|1秒|2021-02-24 12:31:02
112.47.3.53|3128|透明|HTTP|福建省泉州市  移动|1秒|2021-02-24 11:31:01
116.66.197.228|8080|透明|HTTP|中国 广东 揭阳 联通|1秒|2021-02-24 10:31:01
119.57.156.90|53281|透明|HTTP|中国 北京市 北京市 联通|5秒|2021-02-24 09:31:01
103.249.100.152|80|透明|HTTP|越南 胡志明市|5秒|2021-02-24 08:31:01
101.36.160.87|3128|透明|HTTP|北京市北京市  电信|4秒|2021-02-24 07:31:01
124.205.155.156|9090|透明|HTTP|中国 北京市 北京市 鹏博士|5秒|2021-02-24 06:31:01
117.141.155.244|53281|透明|HTTP|中国 广西壮族自治区 南宁市 移动|1秒|2021-02-24 05:31:01
115.221.116.136|8888|透明|HTTP|中国 浙江省 温州市 电信|0.7秒|2021-02-24 04:31:01
43.243.166.223|8080|透明|HTTP|中国 香港|3秒|2021-02-24 03:31:01
58.249.55.222|9797|透明|HTTP|广东省广州市  联通|8秒|2021-02-24 02:31:01
190.122.186.201|8080|透明|HTTP|中国 广东 揭阳 联通|4秒|2021-02-24 01:31:01
183.247.152.98|53281|透明|HTTP|中国 浙江省 杭州市 移动|7秒|2021-02-24 00:31:01
43.243.166.223|8080|透明|HTTP|中国 香港|7秒|2021-02-23 23:31:01
47.56.9.58|3128|透明|HTTP|中国 香港 阿里云|1秒|2021-02-23 22:31:01
123.139.56.238|9999|透明|HTTP|中国 陕西省 西安市 联通|0.8秒|2021-02-23 21:31:01
117.141.155.243|53281|透明|HTTP|中国 广西壮族自治区 南宁市 移动|5秒|2021-02-23 20:31:01
210.61.240.162|8080|透明|HTTP|中国 台湾 高雄市|5秒|2021-02-23 19:31:01
117.141.155.241|53281|透明|HTTP|中国 广西壮族自治区 南宁市 移动|7秒|2021-02-23 18:31:01
183.3.218.34|8080|透明|HTTP|广东省深圳市  电信|6秒|2021-02-23 17:31:02
43.243.166.221|8080|透明|HTTP|中国 香港|1秒|2021-02-23 16:31:01
58.246.3.178|53281|透明|HTTP|上海市上海市  联通|2秒|2021-02-23 15:31:02
124.205.155.152|9090|透明|HTTP|中国 北京 北京 鹏博士|4秒|2021-02-23 14:31:01
43.243.166.221|8080|透明|HTTP|中国 香港|0.6秒|2021-02-23 13:31:01
61.220.204.25|3128|透明|HTTP|中国 台湾 cht.com.tw|4秒|2021-02-23 12:31:01
203.189.89.153|8080|透明|HTTP|中国 广东 揭阳 联通|5秒|2021-02-23 11:31:01
61.220.204.25|3128|透明|HTTP|中国 台湾 cht.com.tw|1秒|2021-02-23 10:31:01
221.226.94.218|110|透明|HTTP|江苏省南京市  电信|4秒|2021-02-23 09:31:01
125.46.0.62|53281|透明|HTTP|河南省济源市  联通|7秒|2021-02-23 08:31:01
116.66.197.228|8080|透明|HTTP|中国 广东 揭阳 联通|5秒|2021-02-23 07:31:01
125.124.26.98|3128|透明|HTTP|浙江省嘉兴市  电信|2秒|2021-02-23 06:31:01
103.249.100.152|80|透明|HTTP|越南 胡志明市|4秒|2021-02-23 05:31:01
47.56.9.58|3128|透明|HTTP|中国 香港 阿里云|8秒|2021-02-23 04:31:01
36.112.139.146|3128|透明|HTTP|北京市  电信|5秒|2021-02-23 03:31:01
116.66.197.228|8080|透明|HTTP|中国 广东 揭阳 联通|5秒|2021-02-23 02:31:01
210.61.240.158|8080|透明|HTTP|中国 台湾 高雄市|7秒|2021-02-23 01:31:01
43.243.166.222|8080|透明|HTTP|中国 香港|5秒|2021-02-23 00:31:02
14.198.177.46|8080|透明|HTTP|中国 香港 hkbn.com.hk|0.9秒|2021-02-22 23:31:01
118.163.13.200|8080|透明|HTTP|中国 台湾 cht.com.tw|2秒|2021-02-22 22:31:01
14.20.235.99|808|透明|HTTP|广东省中山市  电信|3秒|2021-02-22 21:31:01
119.23.238.202|3128|透明|HTTP|广东省深圳市 阿里云计算有限公司 阿里云|4秒|2021-02-22 20:31:01
59.38.61.40|9797|透明|HTTP|中国 广东 珠海 电信|2秒|2021-02-22 19:31:01
203.189.89.153|8080|透明|HTTP|中国 广东 揭阳 联通|5秒|2021-02-22 18:31:01
118.163.13.200|8080|透明|HTTP|中国 台湾 cht.com.tw|7秒|2021-02-22 17:31:02
60.191.11.251|3128|透明|HTTP|浙江省杭州市  电信|1秒|2021-02-22 16:31:01
47.56.9.58|3128|透明|HTTP|中国 香港 阿里云|3秒|2021-02-22 15:31:01
125.124.26.98|3128|透明|HTTP|浙江省嘉兴市  电信|3秒|2021-02-22 14:31:01
43.243.166.222|8080|透明|HTTP|中国 香港|7秒|2021-02-22 13:31:02
27.191.234.69|9999|透明|HTTP|中国 河北省 唐山市 电信|7秒|2021-02-22 12:31:01
14.20.235.99|808|透明|HTTP|广东省中山市  电信|4秒|2021-02-22 11:31:01
163.125.17.200|8888|透明|HTTP|中国 广东省 深圳市 联通|9秒|2021-02-22 10:31:02
163.125.17.201|8888|透明|HTTP|中国 广东省 深圳市 联通|5秒|2021-02-22 09:31:01
14.20.235.99|808|透明|HTTP|广东省中山市  电信|6秒|2021-02-22 08:31:01
210.61.240.158|8080|透明|HTTP|中国 台湾 高雄市|3秒|2021-02-22 07:31:01
183.3.218.34|8080|透明|HTTP|广东省深圳市  电信|3秒|2021-02-22 06:31:01
210.61.240.158|8080|透明|HTTP|中国 台湾 高雄市|4秒|2021-02-22 05:31:01
38.91.100.171|3128|透明|HTTP|美国 纽约 纽约市|2秒|2021-02-22 04:31:01
210.61.240.158|8080|透明|HTTP|中国 台湾 高雄市|2秒|2021-02-22 03:31:01
43.243.166.221|8080|透明|HTTP|中国 香港|4秒|2021-02-22 02:31:01
125.46.0.62|53281|透明|HTTP|河南省济源市  联通|3秒|2021-02-22 01:31:01
43.243.166.223|8080|透明|HTTP|中国 香港|4秒|2021-02-22 00:31:02
112.47.3.53|3128|透明|HTTP|福建省泉州市  移动|7秒|2021-02-21 23:31:01
61.163.32.88|3128|透明|HTTP|河南省信阳市  联通|2秒|2021-02-21 22:31:01
218.66.253.146|8800|透明|HTTP|中国 福建省 莆田市 电信|2秒|2021-02-21 21:31:01
103.249.100.152|80|透明|HTTP|越南 胡志明市|5秒|2021-02-21 20:31:02
112.47.3.53|3128|透明|HTTP|福建省泉州市  移动|5秒|2021-02-21 19:31:01
27.191.234.69|9999|透明|HTTP|中国 河北省 唐山市 电信|2秒|2021-02-21 18:31:02
118.163.13.200|8080|透明|HTTP|中国 台湾 cht.com.tw|2秒|2021-02-21 17:31:01
103.249.100.152|80|透明|HTTP|越南 胡志明市|4秒|2021-02-21 16:31:01
61.163.32.88|3128|透明|HTTP|河南省信阳市  联通|1秒|2021-02-21 15:31:01
210.61.240.158|8080|透明|HTTP|中国 台湾 高雄市|0.7秒|2021-02-21 14:31:01
59.38.61.40|9797|透明|HTTP|中国 广东 珠海 电信|3秒|2021-02-21 13:31:01
43.243.166.221|8080|透明|HTTP|中国 香港|4秒|2021-02-21 12:31:01
36.112.139.146|3128|透明|HTTP|北京市  电信|4秒|2021-02-21 11:31:01
61.163.32.88|3128|透明|HTTP|河南省信阳市  联通|0.5秒|2021-02-21 10:31:02
14.20.235.99|808|透明|HTTP|广东省中山市  电信|1秒|2021-02-21 09:31:01
58.247.127.145|53281|透明|HTTP|中国 上海市 上海市 联通|3秒|2021-02-21 08:31:01
27.191.234.69|9999|透明|HTTP|中国 河北省 唐山市 电信|5秒|2021-02-21 07:31:01
124.205.155.156|9090|透明|HTTP|中国 北京市 北京市 鹏博士|1秒|2021-02-21 06:31:02
43.243.166.223|8080|透明|HTTP|中国 香港|8秒|2021-02-21 05:31:01
123.139.56.238|9999|透明|HTTP|中国 陕西省 西安市 联通|5秒|2021-02-21 04:31:01
210.61.240.158|8080|透明|HTTP|中国 台湾 高雄市|3秒|2021-02-21 03:31:01
61.163.32.88|3128|透明|HTTP|河南省信阳市  联通|4秒|2021-02-21 02:31:01
43.243.166.222|8080|透明|HTTP|中国 香港|3秒|2021-02-21 01:31:01
123.139.56.238|9999|透明|HTTP|中国 陕西省 西安市 联通|0.7秒|2021-02-21 00:31:01
116.66.197.228|8080|透明|HTTP|中国 广东 揭阳 联通|2秒|2021-02-20 23:31:02
124.205.155.157|9090|透明|HTTP|中国 北京市 北京市 鹏博士|6秒|2021-02-20 22:31:02
118.163.13.200|8080|透明|HTTP|中国 台湾 cht.com.tw|4秒|2021-02-20 21:31:01
61.220.204.25|3128|透明|HTTP|中国 台湾 cht.com.tw|3秒|2021-02-20 20:31:02
114.231.42.64|8888|透明|HTTP|中国 江苏 南通 电信|0.3秒|2021-02-20 19:31:01
190.122.186.201|8080|透明|HTTP|中国 广东 揭阳 联通|8秒|2021-02-20 18:31:01
124.205.155.148|9090|透明|HTTP|中国 北京市 北京市 鹏博士|3秒|2021-02-20 17:31:01
125.124.26.98|3128|透明|HTTP|浙江省嘉兴市  电信|4秒|2021-02-20 16:31:01
101.36.160.87|3128|透明|HTTP|北京市北京市  电信|2秒|2021-02-20 15:31:01
123.139.56.238|9999|透明|HTTP|中国 陕西省 西安市 联通|5秒|2021-02-20 14:31:02
117.141.155.244|53281|透明|HTTP|中国 广西壮族自治区 南宁市 移动|3秒|2021-02-20 13:31:01
190.122.186.201|8080|透明|HTTP|中国 广东 揭阳 联通|3秒|2021-02-20 12:31:01
190.122.186.218|8080|透明|HTTP|中国 广东 揭阳 联通|5秒|2021-02-20 11:31:01
117.141.155.244|53281|透明|HTTP|中国 广西壮族自治区 南宁市 移动|3秒|2021-02-20 10:31:01
190.122.186.201|8080|透明|HTTP|中国 广东 揭阳 联通|5秒|2021-02-20 09:31:01
61.133.87.228|55443|透明|HTTP|山东省烟台市  联通|2秒|2021-02-20 08:31:01
183.247.152.98|53281|透明|HTTP|中国 浙江省 杭州市 移动|3秒|2021-02-20 07:31:01
221.226.94.218|110|透明|HTTP|江苏省南京市  电信|5秒|2021-02-20 06:31:02
43.243.166.222|8080|透明|HTTP|中国 香港|7秒|2021-02-20 05:31:01
58.246.3.178|53281|透明|HTTP|上海市上海市  联通|5秒|2021-02-20 04:31:01
58.249.55.222|9797|透明|HTTP|广东省广州市  联通|1秒|2021-02-20 03:31:01
210.61.240.162|8080|透明|HTTP|中国 台湾 高雄市|3秒|2021-02-20 02:31:01
118.163.13.200|8080|透明|HTTP|中国 台湾 cht.com.tw|7秒|2021-02-20 01:31:01
125.124.26.98|3128|透明|HTTP|浙江省嘉兴市  电信|2秒|2021-02-20 00:31:01
119.23.238.202|3128|透明|HTTP|广东省深圳市 阿里云计算有限公司 阿里云|3秒|2021-02-19 23:31:01
47.56.9.58|3128|透明|HTTP|中国 香港 阿里云|0.8秒|2021-02-19 22:31:02
112.95.21.191|8888|透明|HTTP|中国 广东省 深圳市 联通|4秒|2021-02-19 21:31:01
190.122.186.218|8080|透明|HTTP|中国 广东 揭阳 联通|5秒|2021-02-19 20:31:01
223.82.106.253|3128|透明|HTTP|江西省南昌市  移动|1秒|2021-02-19 19:31:01
38.91.100.171|3128|透明|HTTP|美国 纽约 纽约市|3秒|2021-02-19 18:31:01
123.139.56.238|9999|透明|HTTP|中国 陕西省 西安市 联通|5秒|2021-02-19 17:31:02
112.47.3.53|3128|透明|HTTP|福建省泉州市  移动|3秒|2021-02-19 16:31:01
117.65.47.142|9999|透明|HTTP|中国 安徽省 蚌埠市 电信|0.2秒|2021-02-19 15:31:01
117.141.155.241|53281|透明|HTTP|中国 广西壮族自治区 南宁市 移动|5秒|2021-02-19 14:31:01
27.191.234.69|9999|透明|HTTP|中国 河北省 唐山市 电信|2秒|2021-02-19 13:31:01
117.141.155.243|53281|透明|HTTP|中国 广西壮族自治区 南宁市 移动|8秒|2021-02-19 12:31:01
112.95.21.151|8888|透明|HTTP|中国 广东省 深圳市 联通|1秒|2021-02-19 11:31:02
43.243.166.222|8080|透明|HTTP|中国 香港|1秒|2021-02-19 10:31:01
36.112.139.146|3128|透明|HTTP|北京市  电信|3秒|2021-02-19 09:31:01
113.161.58.255|8080|透明|HTTP|越南 胡志明市|4秒|2021-02-19 08:31:01
210.61.240.158|8080|透明|HTTP|中国 台湾 高雄市|1秒|2021-02-19 07:31:02
103.249.100.152|80|透明|HTTP|越南 胡志明市|4秒|2021-02-19 06:31:01
210.61.240.158|8080|透明|HTTP|中国 台湾 高雄市|7秒|2021-02-19 05:31:01
38.91.100.122|3128|透明|HTTP|美国 纽约 纽约市|5秒|2021-02-19 04:31:01
43.243.166.221|8080|透明|HTTP|中国 香港|5秒|2021-02-19 03:31:01
190.122.186.199|8080|透明|HTTP|中国 广东 揭阳 联通|7秒|2021-02-19 02:31:01
210.61.240.162|8080|透明|HTTP|中国 台湾 高雄市|2秒|2021-02-19 01:31:01
58.249.55.222|9797|透明|HTTP|广东省广州市  联通|1秒|2021-02-19 00:31:01
117.141.155.243|53281|透明|HTTP|中国 广西壮族自治区 南宁市 移动|6秒|2021-02-18 23:31:01
43.243.166.223|8080|透明|HTTP|中国 香港|6秒|2021-02-18 22:31:01
123.57.210.164|3128|透明|HTTP|北京市北京市  阿里云|1秒|2021-02-18 21:31:01
190.122.186.222|8080|透明|HTTP|中国 广东 揭阳 联通|4秒|2021-02-18 20:31:01
43.243.166.223|8080|透明|HTTP|中国 香港|4秒|2021-02-18 19:31:01
103.249.100.152|80|透明|HTTP|越南 胡志明市|2秒|2021-02-18 18:31:01
61.220.204.25|3128|透明|HTTP|中国 台湾 cht.com.tw|3秒|2021-02-18 17:31:01
27.46.22.56|8888|透明|HTTP|广东省深圳市 全省共用出口 联通|0.4秒|2021-02-18 16:31:01
119.57.156.90|53281|透明|HTTP|中国 北京市 北京市 联通|0.4秒|2021-02-18 15:31:02
116.196.85.150|3128|透明|HTTP|北京市北京市 京东云 BGP多线|6秒|2021-02-18 14:31:01
36.112.139.146|3128|透明|HTTP|北京市  电信|4秒|2021-02-18 13:31:01
101.36.160.87|3128|透明|HTTP|北京市北京市  电信|2秒|2021-02-18 12:31:01
116.66.197.228|8080|透明|HTTP|中国 广东 揭阳 联通|6秒|2021-02-18 11:31:02
124.205.155.154|9090|透明|HTTP|中国 北京市 北京市 鹏博士|6秒|2021-02-18 10:31:01
123.57.210.164|3128|透明|HTTP|北京市北京市  阿里云|4秒|2021-02-18 09:31:01
124.205.155.154|9090|透明|HTTP|中国 北京市 北京市 鹏博士|6秒|2021-02-18 08:31:01
119.23.238.202|3128|透明|HTTP|广东省深圳市 阿里云计算有限公司 阿里云|4秒|2021-02-18 07:31:01
114.249.112.90|9000|透明|HTTP|中国 北京 北京 联通|6秒|2021-02-18 06:31:01
120.26.208.102|88|透明|HTTP|浙江省杭州市 阿里云计算有限公司 阿里云|4秒|2021-02-18 05:31:02
120.26.208.102|88|透明|HTTP|浙江省杭州市 阿里云计算有限公司 阿里云|2秒|2021-02-18 04:31:01
190.122.186.199|8080|透明|HTTP|中国 广东 揭阳 联通|8秒|2021-02-18 03:31:01
112.47.3.53|3128|透明|HTTP|福建省泉州市  移动|5秒|2021-02-18 02:31:02
27.46.22.136|8888|透明|HTTP|中国 广东省 深圳市 联通|2秒|2021-02-18 01:31:02
123.57.210.164|3128|透明|HTTP|北京市北京市  阿里云|1秒|2021-02-18 00:31:01
123.57.210.164|3128|透明|HTTP|北京市北京市  阿里云|3秒|2021-02-17 23:31:01
221.226.94.218|110|透明|HTTP|江苏省南京市  电信|4秒|2021-02-17 22:31:01
116.66.197.228|8080|透明|HTTP|中国 广东 揭阳 联通|1.0秒|2021-02-17 21:31:01
36.112.139.146|3128|透明|HTTP|北京市  电信|3秒|2021-02-17 20:31:01
112.47.3.53|3128|透明|HTTP|福建省泉州市  移动|1秒|2021-02-17 19:31:01
14.20.235.99|808|透明|HTTP|广东省中山市  电信|4秒|2021-02-17 18:31:01
218.66.253.146|8800|透明|HTTP|中国 福建省 莆田市 电信|0.5秒|2021-02-17 17:31:02
183.196.168.194|9000|透明|HTTP|中国 河北省 秦皇岛市 移动|2秒|2021-02-17 16:31:01
183.196.168.194|9000|透明|HTTP|中国 河北省 秦皇岛市 移动|5秒|2021-02-17 15:31:01
47.56.9.58|3128|透明|HTTP|中国 香港 阿里云|0.7秒|2021-02-17 14:31:01
61.220.204.25|3128|透明|HTTP|中国 台湾 cht.com.tw|5秒|2021-02-17 13:31:01
114.249.112.90|9000|透明|HTTP|中国 北京 北京 联通|7秒|2021-02-17 12:31:01
221.226.94.218|110|透明|HTTP|江苏省南京市  电信|7秒|2021-02-17 11:31:01
118.163.13.200|8080|透明|HTTP|中国 台湾 cht.com.tw|6秒|2021-02-17 10:31:01
124.205.155.156|9090|透明|HTTP|中国 北京市 北京市 鹏博士|3秒|2021-02-17 09:31:01
124.232.133.199|3128|透明|HTTP|湖南省长沙市 高新区麓谷电信机房 电信|5秒|2021-02-17 08:31:01
117.141.155.243|53281|透明|HTTP|中国 广西壮族自治区 南宁市 移动|3秒|2021-02-17 07:31:01
58.246.3.178|53281|透明|HTTP|上海市上海市  联通|3秒|2021-02-17 06:31:01
58.246.3.178|53281|透明|HTTP|上海市上海市  联通|5秒|2021-02-17 05:31:01
47.56.9.58|3128|透明|HTTP|中国 香港 阿里云|4秒|2021-02-17 04:31:01
58.249.55.222|9797|透明|HTTP|广东省广州市  联通|7秒|2021-02-17 03:31:02
14.20.235.99|808|透明|HTTP|广东省中山市  电信|1秒|2021-02-17 02:31:01
121.69.10.62|9090|透明|HTTP|中国 北京市 北京市 鹏博士|2秒|2021-02-17 01:31:01
119.57.156.90|53281|透明|HTTP|中国 北京市 北京市 联通|2秒|2021-02-17 00:31:01
117.141.155.243|53281|透明|HTTP|中国 广西壮族自治区 南宁市 移动|5秒|2021-02-16 23:31:01
58.249.55.222|9797|透明|HTTP|广东省广州市  联通|5秒|2021-02-16 22:31:01
61.220.204.25|3128|透明|HTTP|中国 台湾 cht.com.tw|4秒|2021-02-16 21:31:01
124.205.155.148|9090|透明|HTTP|中国 北京市 北京市 鹏博士|5秒|2021-02-16 20:31:02
14.20.235.99|808|透明|HTTP|广东省中山市  电信|4秒|2021-02-16 19:31:01
190.122.186.199|8080|透明|HTTP|中国 广东 揭阳 联通|1秒|2021-02-16 18:31:01
103.249.100.152|80|透明|HTTP|越南 胡志明市|8秒|2021-02-16 17:31:01
124.205.155.148|9090|透明|HTTP|中国 北京市 北京市 鹏博士|7秒|2021-02-16 16:31:01
116.66.197.228|8080|透明|HTTP|中国 广东 揭阳 联通|7秒|2021-02-16 15:31:02
14.20.235.99|808|透明|HTTP|广东省中山市  电信|3秒|2021-02-16 14:31:01
190.122.186.222|8080|透明|HTTP|中国 广东 揭阳 联通|2秒|2021-02-16 13:31:02
43.243.166.221|8080|透明|HTTP|中国 香港|4秒|2021-02-16 12:31:01
61.163.32.88|3128|透明|HTTP|河南省信阳市  联通|0.4秒|2021-02-16 11:31:02
58.249.55.222|9797|透明|HTTP|广东省广州市  联通|4秒|2021-02-16 10:31:01
123.139.56.238|9999|透明|HTTP|中国 陕西省 西安市 联通|2秒|2021-02-16 09:31:01
163.125.17.244|8888|透明|HTTP|广东省深圳市  联通|3秒|2021-02-16 08:31:01
124.205.155.157|9090|透明|HTTP|中国 北京市 北京市 鹏博士|7秒|2021-02-16 07:31:01
14.161.10.191|8080|透明|HTTP|越南 胡志明市|3秒|2021-02-16 06:31:01
210.61.240.158|8080|透明|HTTP|中国 台湾 高雄市|8秒|2021-02-16 05:31:01
112.47.3.53|3128|透明|HTTP|福建省泉州市  移动|3秒|2021-02-16 04:31:01
27.191.234.69|9999|透明|HTTP|中国 河北省 唐山市 电信|8秒|2021-02-16 03:31:01
43.243.166.221|8080|透明|HTTP|中国 香港|7秒|2021-02-16 02:31:01
60.191.11.249|3128|透明|HTTP|浙江省杭州市  电信|1秒|2021-02-16 01:31:01
120.26.208.102|88|透明|HTTP|浙江省杭州市 阿里云计算有限公司 阿里云|4秒|2021-02-16 00:31:01
124.232.133.199|3128|透明|HTTP|湖南省长沙市 高新区麓谷电信机房 电信|3秒|2021-02-15 23:31:01
101.36.160.87|3128|透明|HTTP|北京市北京市  电信|4秒|2021-02-15 22:31:01
125.46.0.62|53281|透明|HTTP|河南省济源市  联通|6秒|2021-02-15 21:31:01
163.125.17.242|8888|透明|HTTP|广东省深圳市  联通|3秒|2021-02-15 20:31:02
124.205.155.158|9090|透明|HTTP|中国 北京市 北京市 鹏博士|6秒|2021-02-15 19:31:01
123.57.210.164|3128|透明|HTTP|北京市北京市  阿里云|3秒|2021-02-15 18:31:02
115.221.116.255|8888|透明|HTTP|中国 浙江省 温州市 电信|1秒|2021-02-15 17:31:01
47.56.9.58|3128|透明|HTTP|中国 香港 阿里云|4秒|2021-02-15 16:31:01
163.125.18.193|8888|透明|HTTP|广东省深圳市  联通|4秒|2021-02-15 15:31:01
123.139.56.238|9999|透明|HTTP|中国 陕西省 西安市 联通|3秒|2021-02-15 14:31:01
163.125.17.239|8888|透明|HTTP|广东省深圳市  联通|4秒|2021-02-15 13:31:01
123.139.56.238|9999|透明|HTTP|中国 陕西省 西安市 联通|7秒|2021-02-15 12:31:01
101.36.160.87|3128|透明|HTTP|北京市北京市  电信|0.9秒|2021-02-15 11:31:02
125.124.26.98|3128|透明|HTTP|浙江省嘉兴市  电信|3秒|2021-02-15 10:31:01
117.141.155.241|53281|透明|HTTP|中国 广西壮族自治区 南宁市 移动|6秒|2021-02-15 09:31:01
117.141.155.244|53281|透明|HTTP|中国 广西壮族自治区 南宁市 移动|5秒|2021-02-15 08:31:01
43.243.166.223|8080|透明|HTTP|中国 香港|2秒|2021-02-15 07:31:01
124.232.133.199|3128|透明|HTTP|湖南省长沙市 高新区麓谷电信机房 电信|4秒|2021-02-15 06:31:02
113.161.58.255|8080|透明|HTTP|越南 胡志明市|3秒|2021-02-15 05:31:01
190.122.186.218|8080|透明|HTTP|中国 广东 揭阳 联通|4秒|2021-02-15 04:31:01
103.249.100.152|80|透明|HTTP|越南 胡志明市|2秒|2021-02-15 03:31:01
101.36.160.87|3128|透明|HTTP|北京市北京市  电信|5秒|2021-02-15 02:31:01
14.198.177.46|8080|透明|HTTP|中国 香港 hkbn.com.hk|4秒|2021-02-15 01:31:01
120.76.193.51|3128|透明|HTTP|广东省深圳市  阿里云|0.3秒|2021-02-15 00:31:01
219.131.240.246|9797|透明|HTTP|中国 广东 珠海 电信|7秒|2021-02-14 23:31:01
36.112.139.146|3128|透明|HTTP|北京市  电信|5秒|2021-02-14 22:31:01
210.61.240.162|8080|透明|HTTP|中国 台湾 高雄市|7秒|2021-02-14 21:31:02
43.243.166.221|8080|透明|HTTP|中国 香港|5秒|2021-02-14 20:31:02
60.191.11.251|3128|透明|HTTP|浙江省杭州市  电信|1秒|2021-02-14 19:31:01
103.249.100.152|80|透明|HTTP|越南 胡志明市|1秒|2021-02-14 18:31:01
27.46.20.37|8888|透明|HTTP|广东省深圳市 全省共用出口 联通|1.0秒|2021-02-14 17:31:01
210.61.240.158|8080|透明|HTTP|中国 台湾 高雄市|7秒|2021-02-14 16:31:01
14.20.235.99|808|透明|HTTP|广东省中山市  电信|0.4秒|2021-02-14 15:31:01
119.57.156.90|53281|透明|HTTP|中国 北京市 北京市 联通|2秒|2021-02-14 14:31:01
190.122.186.222|8080|透明|HTTP|中国 广东 揭阳 联通|5秒|2021-02-14 13:31:01
118.163.13.200|8080|透明|HTTP|中国 台湾 cht.com.tw|7秒|2021-02-14 12:31:01
27.46.20.37|8888|透明|HTTP|广东省深圳市 全省共用出口 联通|7秒|2021-02-14 11:31:02
27.46.20.63|8888|透明|HTTP|广东省广州市 全省共用出口 联通|4秒|2021-02-14 10:31:01
124.205.155.156|9090|透明|HTTP|中国 北京市 北京市 鹏博士|3秒|2021-02-14 09:31:01
58.246.3.178|53281|透明|HTTP|上海市上海市  联通|4秒|2021-02-14 08:31:01
219.131.240.246|9797|透明|HTTP|中国 广东 珠海 电信|2秒|2021-02-14 07:31:01
27.191.234.69|9999|透明|HTTP|中国 河北省 唐山市 电信|2秒|2021-02-14 06:31:01
119.23.238.202|3128|透明|HTTP|广东省深圳市 阿里云计算有限公司 阿里云|5秒|2021-02-14 05:31:01
210.61.240.158|8080|透明|HTTP|中国 台湾 高雄市|4秒|2021-02-14 04:31:01
203.189.89.153|8080|透明|HTTP|中国 广东 揭阳 联通|9秒|2021-02-14 03:31:01
117.141.155.244|53281|透明|HTTP|中国 广西壮族自治区 南宁市 移动|2秒|2021-02-14 02:31:01
14.198.177.46|8080|透明|HTTP|中国 香港 hkbn.com.hk|1秒|2021-02-14 01:31:01
218.66.253.145|8800|透明|HTTP|中国 福建省 莆田市 电信|0.9秒|2021-02-14 00:31:01
117.141.155.243|53281|透明|HTTP|中国 广西壮族自治区 南宁市 移动|1秒|2021-02-13 23:31:01
218.66.253.146|8800|透明|HTTP|中国 福建省 莆田市 电信|0.5秒|2021-02-13 22:31:01
190.122.186.199|8080|透明|HTTP|中国 广东 揭阳 联通|6秒|2021-02-13 21:31:02
101.36.160.87|3128|透明|HTTP|北京市北京市  电信|5秒|2021-02-13 20:31:01
221.226.94.218|110|透明|HTTP|江苏省南京市  电信|2秒|2021-02-13 19:31:01
101.36.160.87|3128|透明|HTTP|北京市北京市  电信|2秒|2021-02-13 18:31:01
119.23.238.202|3128|透明|HTTP|广东省深圳市 阿里云计算有限公司 阿里云|7秒|2021-02-13 17:31:01
210.61.240.158|8080|透明|HTTP|中国 台湾 高雄市|6秒|2021-02-13 16:31:01
210.61.240.162|8080|透明|HTTP|中国 台湾 高雄市|8秒|2021-02-13 15:31:01
125.124.26.98|3128|透明|HTTP|浙江省嘉兴市  电信|1秒|2021-02-13 14:31:01
183.3.218.34|8080|透明|HTTP|广东省深圳市  电信|1秒|2021-02-13 13:31:01
119.23.238.202|3128|透明|HTTP|广东省深圳市 阿里云计算有限公司 阿里云|0.4秒|2021-02-13 12:31:01
14.20.235.99|808|透明|HTTP|广东省中山市  电信|1秒|2021-02-13 11:31:01
183.196.170.247|9000|透明|HTTP|中国 河北省 秦皇岛市 移动|7秒|2021-02-13 10:31:01
116.66.197.228|8080|透明|HTTP|中国 广东 揭阳 联通|0.5秒|2021-02-13 09:31:01
103.249.100.152|80|透明|HTTP|越南 胡志明市|7秒|2021-02-13 08:31:01
103.249.100.152|80|透明|HTTP|越南 胡志明市|1秒|2021-02-13 07:31:01
163.125.71.26|8888|透明|HTTP|广东省深圳市  联通|4秒|2021-02-13 06:31:01
101.36.160.87|3128|透明|HTTP|北京市北京市  电信|5秒|2021-02-13 05:31:01
123.139.56.238|9999|透明|HTTP|中国 陕西省 西安市 联通|1秒|2021-02-13 04:31:01
203.189.89.153|8080|透明|HTTP|中国 广东 揭阳 联通|2秒|2021-02-13 03:31:02
125.46.0.62|53281|透明|HTTP|河南省济源市  联通|7秒|2021-02-13 02:31:01
115.221.117.83|8888|透明|HTTP|中国 浙江省 温州市 电信|0.5秒|2021-02-13 01:31:01
203.189.89.153|8080|透明|HTTP|中国 广东 揭阳 联通|5秒|2021-02-13 00:31:02
218.66.253.146|8800|透明|HTTP|中国 福建省 莆田市 电信|1秒|2021-02-12 23:31:02
210.61.240.162|8080|透明|HTTP|中国 台湾 高雄市|4秒|2021-02-12 22:31:01
163.125.71.25|8888|透明|HTTP|中国 广东省 深圳市 联通|2秒|2021-02-12 21:31:02
118.163.13.200|8080|透明|HTTP|中国 台湾 cht.com.tw|8秒|2021-02-12 20:31:01
101.36.160.87|3128|透明|HTTP|北京市北京市  电信|0.8秒|2021-02-12 19:31:01
125.46.0.62|53281|透明|HTTP|河南省济源市  联通|4秒|2021-02-12 18:31:01
27.191.234.69|9999|透明|HTTP|中国 河北省 唐山市 电信|4秒|2021-02-12 17:31:01
163.125.71.27|8888|透明|HTTP|广东省深圳市  联通|4秒|2021-02-12 16:31:01
36.112.139.146|3128|透明|HTTP|北京市  电信|5秒|2021-02-12 15:31:01
123.139.56.238|9999|透明|HTTP|中国 陕西省 西安市 联通|3秒|2021-02-12 14:31:01
210.61.240.158|8080|透明|HTTP|中国 台湾 高雄市|2秒|2021-02-12 13:31:02
61.133.87.228|55443|透明|HTTP|山东省烟台市  联通|3秒|2021-02-12 12:31:01
123.57.210.164|3128|透明|HTTP|北京市北京市  阿里云|0.6秒|2021-02-12 11:31:01
125.124.26.98|3128|透明|HTTP|浙江省嘉兴市  电信|0.4秒|2021-02-12 10:31:01
14.161.10.191|8080|透明|HTTP|越南 胡志明市|4秒|2021-02-12 09:31:01
115.221.125.224|8888|透明|HTTP|中国 浙江省 温州市 电信|0.6秒|2021-02-12 08:31:01
124.205.155.155|9090|透明|HTTP|北京市北京市  鹏博士宽带|1秒|2021-02-12 07:31:01
14.198.177.46|8080|透明|HTTP|中国 香港 hkbn.com.hk|3秒|2021-02-12 06:31:01
123.139.56.238|9999|透明|HTTP|中国 陕西省 西安市 联通|4秒|2021-02-12 05:31:01
183.3.218.34|8080|透明|HTTP|广东省深圳市  电信|3秒|2021-02-12 04:31:02
120.26.208.102|88|透明|HTTP|浙江省杭州市 阿里云计算有限公司 阿里云|6秒|2021-02-12 03:31:01
113.161.58.255|8080|透明|HTTP|越南 胡志明市|3秒|2021-02-12 02:31:01
14.198.177.46|8080|透明|HTTP|中国 香港 hkbn.com.hk|8秒|2021-02-12 01:31:01
124.205.155.154|9090|透明|HTTP|中国 北京市 北京市 鹏博士|8秒|2021-02-12 00:31:01
163.125.71.31|8888|透明|HTTP|中国 广东省 深圳市 联通|0.9秒|2021-02-11 23:31:01
124.205.155.150|9090|透明|HTTP|中国 北京市 北京市 鹏博士|6秒|2021-02-11 22:31:01
43.243.166.221|8080|透明|HTTP|中国 香港|2秒|2021-02-11 21:31:01
114.249.112.171|9000|透明|HTTP|中国 北京 北京 联通|3秒|2021-02-11 20:31:01
116.66.197.228|8080|透明|HTTP|中国 广东 揭阳 联通|2秒|2021-02-11 19:31:01
183.247.152.98|53281|透明|HTTP|中国 浙江省 杭州市 移动|4秒|2021-02-11 18:31:01
180.123.9.124|8888|透明|HTTP|江苏省徐州市  电信|0.4秒|2021-02-11 17:31:01
39.109.123.188|3128|透明|HTTP|中国 香港 huayun.com|3秒|2021-02-11 16:31:01
114.249.112.171|9000|透明|HTTP|中国 北京 北京 联通|2秒|2021-02-11 15:31:01
123.139.56.238|9999|透明|HTTP|中国 陕西省 西安市 联通|4秒|2021-02-11 14:31:01
123.57.210.164|3128|透明|HTTP|北京市北京市  阿里云|4秒|2021-02-11 13:31:01
117.141.155.241|53281|透明|HTTP|中国 广西壮族自治区 南宁市 移动|5秒|2021-02-11 12:31:01
59.38.62.151|9797|透明|HTTP|中国 广东 珠海 电信|2秒|2021-02-11 11:31:01
120.26.208.102|88|透明|HTTP|浙江省杭州市 阿里云计算有限公司 阿里云|5秒|2021-02-11 10:31:01
58.246.3.178|53281|透明|HTTP|上海市上海市  联通|2秒|2021-02-11 09:31:01
203.189.89.153|8080|透明|HTTP|中国 广东 揭阳 联通|3秒|2021-02-11 08:31:01
124.205.155.147|9090|透明|HTTP|北京市北京市  鹏博士宽带|1秒|2021-02-11 07:31:01
203.189.89.153|8080|透明|HTTP|中国 广东 揭阳 联通|1秒|2021-02-11 06:31:01
124.205.155.158|9090|透明|HTTP|中国 北京市 北京市 鹏博士|4秒|2021-02-11 05:31:01
203.189.89.153|8080|透明|HTTP|中国 广东 揭阳 联通|2秒|2021-02-11 04:31:02
123.139.56.238|9999|透明|HTTP|中国 陕西省 西安市 联通|3秒|2021-02-11 03:31:01
163.125.17.99|8888|透明|HTTP|中国 广东省 深圳市 联通|3秒|2021-02-11 02:31:01
14.198.177.46|8080|透明|HTTP|中国 香港 hkbn.com.hk|4秒|2021-02-11 01:31:01
117.141.155.243|53281|透明|HTTP|中国 广西壮族自治区 南宁市 移动|3秒|2021-02-11 00:31:01
103.249.100.152|80|透明|HTTP|越南 胡志明市|5秒|2021-02-10 23:31:01
114.249.112.171|9000|透明|HTTP|中国 北京 北京 联通|0.9秒|2021-02-10 22:31:01
120.26.208.102|88|透明|HTTP|浙江省杭州市 阿里云计算有限公司 阿里云|1秒|2021-02-10 21:31:01
124.232.133.199|3128|透明|HTTP|湖南省长沙市 高新区麓谷电信机房 电信|5秒|2021-02-10 20:31:01
163.125.17.97|8888|透明|HTTP|广东省深圳市  联通|2秒|2021-02-10 19:31:02
183.3.218.34|8080|透明|HTTP|广东省深圳市  电信|6秒|2021-02-10 18:31:01
43.243.166.223|8080|透明|HTTP|中国 香港|1秒|2021-02-10 17:31:01
116.66.197.228|8080|透明|HTTP|中国 广东 揭阳 联通|2秒|2021-02-10 16:31:01
58.246.3.178|53281|透明|HTTP|上海市上海市  联通|6秒|2021-02-10 15:31:02
101.36.160.87|3128|透明|HTTP|北京市北京市  电信|0.5秒|2021-02-10 14:31:01
183.247.152.98|53281|透明|HTTP|中国 浙江省 杭州市 移动|2秒|2021-02-10 13:31:01
101.36.160.87|3128|透明|HTTP|北京市北京市  电信|1秒|2021-02-10 12:31:02
103.249.100.152|80|透明|HTTP|越南 胡志明市|1秒|2021-02-10 11:31:01
47.56.9.58|3128|透明|HTTP|中国 香港 阿里云|4秒|2021-02-10 10:31:02
190.122.186.201|8080|透明|HTTP|中国 广东 揭阳 联通|6秒|2021-02-10 09:31:01
43.243.166.223|8080|透明|HTTP|中国 香港|7秒|2021-02-10 08:31:01
116.66.197.228|8080|透明|HTTP|中国 广东 揭阳 联通|5秒|2021-02-10 07:31:01
120.26.208.102|88|透明|HTTP|浙江省杭州市 阿里云计算有限公司 阿里云|5秒|2021-02-10 06:31:01
120.26.208.102|88|透明|HTTP|浙江省杭州市 阿里云计算有限公司 阿里云|5秒|2021-02-10 05:31:02
101.36.160.87|3128|透明|HTTP|北京市北京市  电信|2秒|2021-02-10 04:31:01
116.66.197.228|8080|透明|HTTP|中国 广东 揭阳 联通|1秒|2021-02-10 03:31:01
210.61.240.162|8080|透明|HTTP|中国 台湾 高雄市|4秒|2021-02-10 02:31:01
43.243.166.222|8080|透明|HTTP|中国 香港|7秒|2021-02-10 01:31:01
112.95.23.69|8888|透明|HTTP|中国 广东省 深圳市 联通|3秒|2021-02-10 00:31:01
60.191.11.251|3128|透明|HTTP|浙江省杭州市  电信|4秒|2021-02-09 23:31:02
112.95.23.66|8888|透明|HTTP|中国 广东省 深圳市 联通|5秒|2021-02-09 22:31:02
124.205.155.156|9090|透明|HTTP|中国 北京市 北京市 鹏博士|3秒|2021-02-09 21:31:01
43.243.166.221|8080|透明|HTTP|中国 香港|4秒|2021-02-09 20:31:01
190.122.186.222|8080|透明|HTTP|中国 广东 揭阳 联通|7秒|2021-02-09 19:31:01
47.56.9.58|3128|透明|HTTP|中国 香港 阿里云|3秒|2021-02-09 18:31:02
116.66.197.228|8080|透明|HTTP|中国 广东 揭阳 联通|2秒|2021-02-09 17:31:01
118.163.13.200|8080|透明|HTTP|中国 台湾 cht.com.tw|5秒|2021-02-09 16:31:01
47.56.9.58|3128|透明|HTTP|中国 香港 阿里云|3秒|2021-02-09 15:31:01
203.189.89.153|8080|透明|HTTP|中国 广东 揭阳 联通|5秒|2021-02-09 14:31:01
14.198.177.46|8080|透明|HTTP|中国 香港 hkbn.com.hk|4秒|2021-02-09 13:31:01
223.82.106.253|3128|透明|HTTP|江西省南昌市  移动|0.5秒|2021-02-09 12:31:01
118.163.13.200|8080|透明|HTTP|中国 台湾 cht.com.tw|3秒|2021-02-09 11:31:01
121.69.10.62|9090|透明|HTTP|中国 北京市 北京市 鹏博士|4秒|2021-02-09 10:31:02
118.163.13.200|8080|透明|HTTP|中国 台湾 cht.com.tw|5秒|2021-02-09 09:31:01
14.198.177.46|8080|透明|HTTP|中国 香港 hkbn.com.hk|4秒|2021-02-09 08:31:01
14.161.10.191|8080|透明|HTTP|越南 胡志明市|6秒|2021-02-09 07:31:01
221.226.94.218|110|透明|HTTP|江苏省南京市  电信|1秒|2021-02-09 06:31:01
121.69.10.62|9090|透明|HTTP|中国 北京市 北京市 鹏博士|4秒|2021-02-09 05:31:01
210.61.240.158|8080|透明|HTTP|中国 台湾 高雄市|2秒|2021-02-09 04:31:01
43.243.166.223|8080|透明|HTTP|中国 香港|2秒|2021-02-09 03:31:01
27.191.234.69|9999|透明|HTTP|中国 河北省 唐山市 电信|5秒|2021-02-09 02:31:02
210.61.240.162|8080|透明|HTTP|中国 台湾 高雄市|7秒|2021-02-09 01:31:01
60.191.11.251|3128|透明|HTTP|浙江省杭州市  电信|2秒|2021-02-09 00:31:01
43.243.166.221|8080|透明|HTTP|中国 香港|4秒|2021-02-08 23:31:01
210.61.240.162|8080|透明|HTTP|中国 台湾 高雄市|5秒|2021-02-08 22:31:01
60.191.11.251|3128|透明|HTTP|浙江省杭州市  电信|5秒|2021-02-08 21:31:01
122.224.65.197|3128|透明|HTTP|浙江省杭州市  电信|1秒|2021-02-08 20:31:02
14.161.10.191|8080|透明|HTTP|越南 胡志明市|4秒|2021-02-08 19:31:01
58.249.55.222|9797|透明|HTTP|广东省广州市  联通|3秒|2021-02-08 18:31:01
58.246.3.178|53281|透明|HTTP|上海市上海市  联通|6秒|2021-02-08 17:31:01
58.250.21.56|3128|透明|HTTP|广东省深圳市  联通|6秒|2021-02-08 16:31:01
218.93.119.165|9002|透明|HTTP|江苏省常州市  电信|7秒|2021-02-08 15:31:01
218.93.119.163|9002|透明|HTTP|江苏省常州市  电信|6秒|2021-02-08 14:31:01
190.122.186.218|8080|透明|HTTP|中国 广东 揭阳 联通|0.4秒|2021-02-08 13:31:01
59.36.10.79|3128|透明|HTTP|广东省东莞市  电信|3秒|2021-02-08 12:31:01
210.61.240.162|8080|透明|HTTP|中国 台湾 高雄市|5秒|2021-02-08 11:31:01
190.122.186.218|8080|透明|HTTP|中国 广东 揭阳 联通|6秒|2021-02-08 10:31:01
125.46.0.62|53281|透明|HTTP|河南省济源市  联通|2秒|2021-02-08 09:31:01
60.191.11.249|3128|透明|HTTP|浙江省杭州市  电信|1秒|2021-02-08 08:31:01
124.205.155.153|9090|透明|HTTP|中国 北京市 北京市 鹏博士|6秒|2021-02-08 07:31:01
221.226.94.218|110|透明|HTTP|江苏省南京市  电信|2秒|2021-02-08 06:31:01
43.243.166.223|8080|透明|HTTP|中国 香港|7秒|2021-02-08 05:31:01
36.112.139.146|3128|透明|HTTP|北京市  电信|5秒|2021-02-08 04:31:01
210.61.240.162|8080|透明|HTTP|中国 台湾 高雄市|6秒|2021-02-08 03:31:01
47.56.9.58|3128|透明|HTTP|中国 香港 阿里云|5秒|2021-02-08 02:31:01
14.198.177.46|8080|透明|HTTP|中国 香港 hkbn.com.hk|5秒|2021-02-08 01:31:01
43.243.166.223|8080|透明|HTTP|中国 香港|6秒|2021-02-08 00:31:02
103.249.100.152|80|透明|HTTP|越南 胡志明市|4秒|2021-02-07 23:31:01
58.250.21.56|3128|透明|HTTP|广东省深圳市  联通|7秒|2021-02-07 22:31:01
210.61.240.158|8080|透明|HTTP|中国 台湾 高雄市|3秒|2021-02-07 21:31:01
101.36.160.87|3128|透明|HTTP|北京市北京市  电信|5秒|2021-02-07 20:31:01
221.226.94.218|110|透明|HTTP|江苏省南京市  电信|4秒|2021-02-07 19:31:01
61.220.204.25|3128|透明|HTTP|中国 台湾 cht.com.tw|3秒|2021-02-07 18:31:01
120.26.208.102|88|透明|HTTP|浙江省杭州市 阿里云计算有限公司 阿里云|3秒|2021-02-07 17:31:01
218.93.119.164|9002|透明|HTTP|江苏省常州市  电信|0.4秒|2021-02-07 16:31:01
120.26.208.102|88|透明|HTTP|浙江省杭州市 阿里云计算有限公司 阿里云|3秒|2021-02-07 15:31:01
101.36.160.87|3128|透明|HTTP|北京市北京市  电信|5秒|2021-02-07 14:31:01
112.47.3.53|3128|透明|HTTP|福建省泉州市  移动|5秒|2021-02-07 13:31:02
27.191.234.69|9999|透明|HTTP|中国 河北省 唐山市 电信|6秒|2021-02-07 12:31:02
27.191.234.69|9999|透明|HTTP|中国 河北省 唐山市 电信|1秒|2021-02-07 11:31:01
163.125.70.60|8888|透明|HTTP|广东省深圳市  联通|2秒|2021-02-07 10:31:01
124.205.155.158|9090|透明|HTTP|中国 北京市 北京市 鹏博士|2秒|2021-02-07 09:31:01
61.133.87.228|55443|透明|HTTP|山东省烟台市  联通|7秒|2021-02-07 08:31:01
113.204.164.194|8080|透明|HTTP|重庆市重庆市  联通|2秒|2021-02-07 07:31:01
218.93.119.166|9002|透明|HTTP|江苏省常州市  电信|3秒|2021-02-07 06:31:01
113.204.164.194|8080|透明|HTTP|重庆市重庆市  联通|4秒|2021-02-07 05:31:01
183.196.170.247|9000|透明|HTTP|中国 河北省 秦皇岛市 移动|4秒|2021-02-07 04:31:02
61.163.32.88|3128|透明|HTTP|河南省信阳市  联通|1秒|2021-02-07 03:31:01
101.36.160.87|3128|透明|HTTP|北京市北京市  电信|0.5秒|2021-02-07 02:31:01
36.112.139.146|3128|透明|HTTP|北京市  电信|5秒|2021-02-07 01:31:01
123.139.56.238|9999|透明|HTTP|中国 陕西省 西安市 联通|5秒|2021-02-07 00:31:01
103.249.100.152|80|透明|HTTP|越南 胡志明市|10秒|2021-02-06 23:31:01
60.191.11.251|3128|透明|HTTP|浙江省杭州市  电信|1秒|2021-02-06 22:31:01
101.36.160.87|3128|透明|HTTP|北京市北京市  电信|4秒|2021-02-06 21:31:01
218.93.119.163|9002|透明|HTTP|江苏省常州市  电信|4秒|2021-02-06 20:31:01
58.246.3.178|53281|透明|HTTP|上海市上海市  联通|5秒|2021-02-06 19:31:01
190.122.186.218|8080|透明|HTTP|中国 广东 揭阳 联通|6秒|2021-02-06 18:31:01
120.26.208.102|88|透明|HTTP|浙江省杭州市 阿里云计算有限公司 阿里云|6秒|2021-02-06 17:31:01
124.205.155.155|9090|透明|HTTP|北京市北京市  鹏博士宽带|1秒|2021-02-06 16:31:02
58.249.55.222|9797|透明|HTTP|广东省广州市  联通|5秒|2021-02-06 15:31:02
117.141.155.243|53281|透明|HTTP|中国 广西壮族自治区 南宁市 移动|2秒|2021-02-06 14:31:01
60.176.234.114|8888|透明|HTTP|浙江省杭州市  电信|0.6秒|2021-02-06 13:31:01
190.122.186.229|8080|透明|HTTP|中国 广东 揭阳 联通|7秒|2021-02-06 12:31:01
101.36.160.87|3128|透明|HTTP|北京市北京市  电信|8秒|2021-02-06 11:31:01
120.76.193.51|3128|透明|HTTP|广东省深圳市  阿里云|2秒|2021-02-06 10:31:01
218.93.119.163|9002|透明|HTTP|江苏省常州市  电信|5秒|2021-02-06 09:31:01
112.47.3.53|3128|透明|HTTP|福建省泉州市  移动|0.4秒|2021-02-06 08:31:01
114.249.116.167|9000|透明|HTTP|中国 北京市 北京市 联通|1秒|2021-02-06 07:31:01
117.141.155.242|53281|透明|HTTP|中国 广西壮族自治区 南宁市 移动|5秒|2021-02-06 06:31:01
124.205.155.153|9090|透明|HTTP|中国 北京市 北京市 鹏博士|3秒|2021-02-06 05:31:01
119.57.156.90|53281|透明|HTTP|中国 北京市 北京市 联通|2秒|2021-02-06 04:31:01
58.249.55.222|9797|透明|HTTP|广东省广州市  联通|5秒|2021-02-06 03:31:01
123.139.56.238|9999|透明|HTTP|中国 陕西省 西安市 联通|5秒|2021-02-06 02:31:01
223.82.106.253|3128|透明|HTTP|江西省南昌市  移动|3秒|2021-02-06 01:31:01
123.139.56.238|9999|透明|HTTP|中国 陕西省 西安市 联通|6秒|2021-02-06 00:31:01
43.243.166.223|8080|透明|HTTP|中国 香港|4秒|2021-02-05 23:31:01
14.20.235.3|808|透明|HTTP|中国 广东 中山 电信|6秒|2021-02-05 22:31:01
124.205.155.148|9090|透明|HTTP|中国 北京市 北京市 鹏博士|6秒|2021-02-05 21:31:01
114.249.116.167|9000|透明|HTTP|中国 北京市 北京市 联通|0.4秒|2021-02-05 20:31:02
60.191.11.249|3128|透明|HTTP|浙江省杭州市  电信|2秒|2021-02-05 19:31:01
120.26.208.102|88|透明|HTTP|浙江省杭州市 阿里云计算有限公司 阿里云|4秒|2021-02-05 18:31:01
14.20.235.3|808|透明|HTTP|中国 广东 中山 电信|4秒|2021-02-05 17:31:01
210.61.240.158|8080|透明|HTTP|中国 台湾 高雄市|1秒|2021-02-05 16:31:01
59.38.62.47|9797|透明|HTTP|中国 广东省 珠海市 电信|4秒|2021-02-05 15:31:01
61.163.32.88|3128|透明|HTTP|河南省信阳市  联通|1秒|2021-02-05 14:31:01
114.231.42.64|8888|透明|HTTP|中国 江苏 南通 电信|0.4秒|2021-02-05 13:31:01
113.204.164.194|8080|透明|HTTP|重庆市重庆市  联通|5秒|2021-02-05 12:31:01
43.243.166.222|8080|透明|HTTP|中国 香港|3秒|2021-02-05 11:31:01
14.198.177.46|8080|透明|HTTP|中国 香港 hkbn.com.hk|5秒|2021-02-05 10:31:01
210.61.240.158|8080|透明|HTTP|中国 台湾 高雄市|5秒|2021-02-05 09:31:01
101.36.160.87|3128|透明|HTTP|北京市北京市  电信|3秒|2021-02-05 08:31:01
210.61.240.162|8080|透明|HTTP|中国 台湾 高雄市|3秒|2021-02-05 07:31:01
183.196.170.247|9000|透明|HTTP|中国 河北省 秦皇岛市 移动|2秒|2021-02-05 06:31:01
124.232.133.199|3128|透明|HTTP|湖南省长沙市 高新区麓谷电信机房 电信|1秒|2021-02-05 05:31:01
61.220.204.25|3128|透明|HTTP|中国 台湾 cht.com.tw|4秒|2021-02-05 04:31:01
59.38.62.47|9797|透明|HTTP|中国 广东省 珠海市 电信|4秒|2021-02-05 03:31:01
112.47.3.53|3128|透明|HTTP|福建省泉州市  移动|1秒|2021-02-05 02:31:01
120.76.193.51|3128|透明|HTTP|广东省深圳市  阿里云|0.8秒|2021-02-05 01:31:01
14.198.177.46|8080|透明|HTTP|中国 香港 hkbn.com.hk|2秒|2021-02-05 00:31:01
106.104.170.66|8080|透明|HTTP|中国 台湾 fetnet.net|2秒|2021-02-04 23:31:01
38.91.100.171|3128|透明|HTTP|美国 纽约 纽约市|4秒|2021-02-04 22:31:01
106.104.170.66|8080|透明|HTTP|中国 台湾 fetnet.net|6秒|2021-02-04 21:31:01
14.115.106.185|808|透明|HTTP|广东省中山市  电信|5秒|2021-02-04 20:31:01
43.243.166.221|8080|透明|HTTP|中国 香港|5秒|2021-02-04 19:31:01
43.243.166.221|8080|透明|HTTP|中国 香港|1秒|2021-02-04 18:31:01
103.249.100.152|80|透明|HTTP|越南 胡志明市|7秒|2021-02-04 17:31:01
113.204.164.194|8080|透明|HTTP|重庆市重庆市  联通|7秒|2021-02-04 16:31:01
36.112.139.146|3128|透明|HTTP|北京市  电信|1秒|2021-02-04 15:31:01
124.205.155.157|9090|透明|HTTP|中国 北京市 北京市 鹏博士|7秒|2021-02-04 14:31:01
112.47.3.53|3128|透明|HTTP|福建省泉州市  移动|5秒|2021-02-04 13:31:01
113.204.164.194|8080|透明|HTTP|重庆市重庆市  联通|8秒|2021-02-04 12:31:01
117.141.155.241|53281|透明|HTTP|中国 广西壮族自治区 南宁市 移动|4秒|2021-02-04 11:31:02
210.61.240.158|8080|透明|HTTP|中国 台湾 高雄市|1秒|2021-02-04 10:31:01
14.115.106.185|808|透明|HTTP|广东省中山市  电信|2秒|2021-02-04 09:31:02
123.57.210.164|3128|透明|HTTP|北京市北京市  阿里云|0.6秒|2021-02-04 08:31:01
121.69.10.62|9090|透明|HTTP|中国 北京市 北京市 鹏博士|4秒|2021-02-04 07:31:01
